sample_dataset,dataset_group,source_pool,sample_rank,APID,app_name,developer,play_url,age_rating,age_rating_descriptors,category_name,category_code,teacher_approved,play_families_policy_committed,content_descriptors,top_downloads_display,download_count,top_review_count_text,review_count,top_rating_display,rating_value,selection_score,application_category,app_type,score_tier,details_full_description,privacy_policy_url,support_email,website_url
known_dataset_200,teacher_approved,01_teacher_approved.csv,1,com.google.android.apps.youtube.kids,YouTube Kids,Google LLC,https://play.google.com/store/apps/details?id=com.google.android.apps.youtube.kids&hl=en_US&gl=US,Everyone,,Entertainment,ENTERTAINMENT,true,true,Contains ads,500M+,500000000.0,3.34M reviews,3340000.0,4.2 star,4.2,0.8415528752781025,ENTERTAINMENT,others,high,"YouTube Kids
Inspire your kids to uncover their unique interests
Help your kids explore video content they love and parents trust, in an app made just for kids. With easy navigation tools and a suite of features, you can help your kids spend time online uncovering new interests, unleashing their imagination, and building their confidence in their own unique world.
Help your kids grow at their own pace
Your kids are unique, so they should only see content they're ready to explore. Decide what videos will help them make the most of their time online, then personalize individual profiles using custom content filters as they grow.
- Help your youngest kids learn their ABCs, nurture their curiosity, and more in the Preschool mode.
- Expand your kids interests to songs, cartoons, or DIY crafts in Younger mode.
- Give your older kids the freedom to search popular music and gaming videos in Older mode.
- Or hand-pick the videos, channels, and collections your kids can see in Approved Content Only mode.
Rewatch videos and bond over favorites
Quickly find your kids’ favorite videos and the content you’ve shared with them in the Watch it Again tab.
Shape your kids’ viewing experience with Parental Controls
Parental Control features help you limit what your kids watch and better guide their viewing experience. Our blocking process aims to help keep videos on YouTube Kids family-friendly and safe – but each family's preferences are unique. Don't like a video or channel, or see inappropriate content? Flag it for our team to review.
Set a screen-time limit
Encourage your kids to take a break in between exploring content. Use the Timer feature to freeze the app when screen time is up so your kids can apply their new skills to the real world.
See important information
- Parental setup is needed to ensure the best experience for your family.
- Kids may see commercial content from YouTube creators that are not paid ads.
- See The Privacy Notice for Google Accounts managed with Family Link for information on our privacy practices for signing in with a Google Account.
- If your kids use the app without signing in with their Google Account, the YouTube Kids Privacy Notice applies.",http://www.google.com/intl/en/policies/privacy/,ytkids-support@google.com,https://support.google.com/youtubekids
known_dataset_200,teacher_approved,01_teacher_approved.csv,2,com.pazugames.avatarworld,Avatar World ®,Pazu Games,https://play.google.com/store/apps/details?id=com.pazugames.avatarworld&hl=en_US&gl=US,Everyone,In-Game Purchases,Role Playing,GAME_ROLE_PLAYING,true,true,In-app purchases,100M+,100000000.0,6.09M reviews,6090000.0,4.7 star,4.7,0.8124971263710165,GAME_ROLE_PLAYING,games,high,"google_logo Play
Games
Apps
Movies & TV
Books
Kids
search
help_outline
Avatar World ®
Pazu Games",https://www.pazugames.com/privacy-policy/,info@pazugames.com,http://pazugames.com
known_dataset_200,teacher_approved,01_teacher_approved.csv,3,com.tocaboca.tocalifeworld,Toca Boca World,Toca Boca,https://play.google.com/store/apps/details?id=com.tocaboca.tocalifeworld&hl=en_US&gl=US,Everyone,In-Game Purchases,Simulation,GAME_SIMULATION,true,true,In-app purchases,100M+,100000000.0,6.69M reviews,6690000.0,4.3 star,4.3,0.8057153366695294,GAME_EDUCATIONAL,games,high,"Toca Boca World
Welcome to a world where your imagination comes first! ✨ Make up stories in the colourful locations, and customize your own buildings – you can style your own outfits too!
Toca Boca World is all about open-ended play. 🥳 There are no rules, just colorful ways to be creative. Build your world, and fill it with characters, pets, shops and all kinds of houses!
Almost everything inside Toca Boca World is customizable, or you can jump straight in and play! 🛝 Try running a café, become a hair stylist, camp in the forest or throw a rooftop party. It’s a safe universe where kids explore and discover at their own pace.
BUILD YOUR OWN WORLD
🏬 Explore apartments, shops and hangouts in Bop City
👭 Design your own characters with unique hair, faces, outfits and accessories
🏡 Decorate spaces with Home Designer. Change the walls, furniture and colors
🐶 Add pets, food, toys and silly items so each place feels like your own
PLAY YOUR WAY
🤘 Create your own stories. Become a chef, spa owner, rockstar, or teacher
🏭 Mix and match locations to invent your own mini games and challenges
🚌 Move characters between homes, schools, shops and secret spots
🏥 Try roleplay like running a pet hospital, opening a fashion studio or hosting a sleepover
EXPLORE, DISCOVER AND COLLECT
💎 Find hidden gems, secret rooms and surprises in the locations
🎁 Visit the Post Office every Friday for free gifts including furniture, outfits, decorations and pets
🌎 Grow your world as new packs and locations are added to the in-app shop
MADE FOR KIDS, EASY TO PLAY
👍 Simple, touch-first controls make it usable for all reading abilities
🎨 No time limits or high scores. Just creative play
🌊 Open-ended design lets kids follow their own curiosity
SAFE, SINGLE-PLAYER AND AD-FREE
😊 Toca Boca World is a single-player kids' game, not chat and no strangers
🤝 COPPA compliant, and carefully designed as a safe space for kids
❌ No third-party ads ever. Play is never interrupted by adverts or pop-ups
AWARD-WINNING FUN FROM TOCA BOCA
Our game has been recognized as App of the Year and an Editor’s Choice for its playful design and dedication to kids’ safety. Our award-winning kids game can be downloaded on phones, tablets and computers, with optional in-app purchases for families who want to expand their world. We believe in the power of play. That’s why Toca Boca World is built as a high-quality, ad-free game that lets children explore, create and imagine freely.
STAY CONNECTED
Discover new locations, events and collaborations by following Toca Boca World on social media and inside the in-app shop. There’s always a new story waiting.",http://tocaboca.com/privacy,tlwsupport@tocaboca.com,https://tocaboca.com/help/
known_dataset_200,teacher_approved,01_teacher_approved.csv,4,com.dramaton.slime,Super Slime Simulator: DIY Art,Dramaton,https://play.google.com/store/apps/details?id=com.dramaton.slime&hl=en_US&gl=US,Everyone,In-App Purchases,Lifestyle,LIFESTYLE,true,true,Contains ads; In-app purchases,100M+,100000000.0,900K reviews,900000.0,4.5 star,4.5,0.7837090868542521,LIFESTYLE,others,high,"Super Slime Simulator: DIY Art
Create super realistic DIY slime and play with it on your mobile device. Relax your mind and discover our unique 3D satisfying , anti-stress ASMR and DIY game experience. Stretch your slime, color it, squish it, knead it, pop it - just like you would with real slime or putty. Enjoy that oddly satisfying ASMR feeling right from your phone or tablet.
Express your creativity and improve your DIY styling skills through a unique art and design experience with endless creative possibilities. With a huge selection of slime types, decorations and colors to create with, this app is for slime beginners and pro slime experts, young and old, boys and girls, and all ASMR and DIY lovers.
APP FEATURES:
- Play with your simulated slime right on your phone or tablet.
- Relieve stress and discover our one of a kind relaxing, satisfying ASMR experience, including tens of different ASMR sounds and sensations.
- Be a slime DIY artist! Create your very own slime. Choose from a huge collection of materials, colors and add-ins: add glitter, jelly cubes, emojis, unicorns, kawaii figures, cute animals and tens of other amazing decorations.
- Rich slime gallery: Clear, milky, metallic, jiggly and many more.
- Each slime boasts a unique texture, sound and behavior, producing a unique ASMR satisfying sensation.
- Slime games fun area: Play Lu-lu's Slime Quest, Guess the Slime game and more oddly satisfying slime games.
- Share your creativity by sending slime gifts to your friends.
- Satisfying 3D ASMR Sounds: Turn up the volume and listen to your slime squishing as you touch it.
FOLLOW US on
Instagram @superslimesimulator
TikTok @superslimesimulatorapp",https://dramaton.com/privacy.html,slime@dramaton.com,https://www.dramaton.com/slime/support.html
known_dataset_200,teacher_approved,01_teacher_approved.csv,5,com.orange.kidspiano.music.songs,Piano Kids - Music & Songs,Orange Studios Games,https://play.google.com/store/apps/details?id=com.orange.kidspiano.music.songs&hl=en_US&gl=US,Everyone,,Educational,GAME_EDUCATIONAL,true,true,Contains ads; In-app purchases,100M+,100000000.0,724K reviews,724000.0,4.3 star,4.3,0.7768879923564743,GAME_MUSIC,games,high,"Piano Kids - Music & Songs
Piano Kids – Music & Songs is a great fun music box created especially for kids and parents to learn to
play musical instruments, wonderful songs, exploring different sounds and develop musical skills.
Use your fingers to play colorful instruments such as kids xylophone, drum kit, piano, saxophone, trumpet, flute and electric guitar. Let your child make music on your phone or tablet. It is great fun for toddlers and kids to sit down and learn how to play musical instruments with authentic sounds.
The interface of the app is colourful and bright. It will interest you and please your child as he will learn music while playing exciting games.
The application has Four modes: Instruments, Songs, Sounds and Play.
Your child will improve his skills not only in music. Piano Kids helps to develop memory, concentration, imagination and creativity as well as motor skills, intellect, sensory and speech.
The whole family can develop their musical talent and composing songs together!
Everyone can play and enjoy exploring different sounds (animals, transportation, comic sounds, among others) and learn to pronounce the colors, flags, geometric figures, numbers and letters of the alphabet in different languages.
HOW DOES MUSIC BENEFIT CHILDREN?
★ Increase the skills to listen, memorize and concentrate.
★ It stimulates the imagination and creativity of children.
★ It stimulates the intelectual development, motor skill, sensory, auditory and speech of children.
★ Improve sociability, causing children interact better with their peers.
KEY FEATURES
★ Totally FREE!
★ 4 GAME MODES:
--- INSTRUMENTS mode ---
Piano, Electric guitar, Xylophone, Saxophone, Drums percussion and Flute, Harp and Panpipes. Each instrument has real sounds and representation. The child can give free rein to their imagination to compose their own melodies in the different instruments.
--- SONGS Mode ---
Can learn to play wonderful songs. The ""Auto Play"" mode plays the song to learn the melody. Then can play it alone following the aid. Funny characters are accompanying the music and tell the child that note to play. Can choose to play songs with the following instruments: Piano, Xylophone, Guitar, Flute
--- SOUNDs mode ---
Allows select several collections of objects with representing images and sounds. Children become familiar with their sounds and learn to identify them. The child can explore and recognize the different sounds of objects as well as learn the pronunciation of colors, numbers and letters of the alphabet in English , Spanish and Portuguese.
- GAMES mode -
Fun games for kids that through music and sounds helps children learn. Learn to count, learn the alphabet, create melodies, solve puzzles, paint, draw, color, pixel art, memory game, Play with baby shark and fish, learn geometric shapes, memorize with the friendly capybaras, Halloween and Christmas puzzles, and much more.
★ Sounds of real instruments and high quality (Piano, xylophone, acoustic guitar, saxophone, drums, flute)
★ 30 famous songs to learn to play.
★ Fantastic Auto Play Mode to play the selected song.
★ Can select the representation of the scales ""DO-RE-MI"" or ""CDE"".
★ Intuitive and very easy to use!
*** DO YOU LIKE OUR APP? ***
Help us and take a few seconds to rate it and write your opinion on Google Play.
Your contribution will enable us to improve and develop new free games.",http://orangestudiosgames.com/privacy_policy.html,orangegstudios@gmail.com,http://orangestudiosgames.com
known_dataset_200,teacher_approved,01_teacher_approved.csv,6,com.bible.kids,Bible App for Kids,Life.Church,https://play.google.com/store/apps/details?id=com.bible.kids&hl=en_US&gl=US,Everyone,,Education,EDUCATION,true,true,,100M+,100000000.0,388K reviews,388000.0,4.3 star,4.3,0.7688009935031792,EDUCATION,others,high,"Bible App for Kids
The Bible App for Kids is the newest member of the YouVersion family of apps. Available now for Android smartphones and tablets, the Bible App for Kids is always completely free!
Through interactive adventures and beautiful animations, kids explore the big stories of the Bible. The Bible App for Kids is a delight-filled experience designed to encourage kids to return again and again. It’s the beginning of a lifelong love of God’s Word.
The Bible App for Kids features:
* Easy, kid-friendly navigation
* Colorful illustrations and touch-activated animations
* Engaging, interactive content that brings the Bible to life
* Fun facts and activities designed to help kids remember what they learn
* Special challenges that let kids earn rewards
From YouVersion in partnership with OneHope.
YOUR PRIVACY ON ANDROID
* The Bible App for Kids requests read/write access to your SD card because that's where the app stores the stories you choose to download to your device.
* The Bible App requests access to a device's account list to aid in sending Push Notifications to older versions of Android.
*Location: Our analytics package uses approximate location to help us learn where our app is popular. The information is only used on an aggregate level, not on an individual level.
* We do not sell any personal information you provide us, nor will we share it without your consent. You can read our privacy policy at http://youversion.com/privacy.
CONNECT WITH YOUVERSION
* Like us on Facebook: http://facebook.com/youversion
* Follow us on Twitter: http://twitter.com/youversion
* Catch up on the latest on our blog: http://blog.youversion.com
* Sunday School Curriculum, Church Resources, and activities: https://bibleappforkids.com/
The Bible App for Kids is available in Afrikaans, Arabic, Belarusian, Bengali, Bulgarian, Burmese, Chinese (Simplified, Traditional, Hong Kong), Czech, Danish, Dutch, English, English (UK), Estonian, Farsi, Finnish, French, Georgian, German, Greek, Hebrew, Hindi, Hungarian, Indonesian, Italian, Japanese, Kannada, Khmer, Korean, Lithuanian, Malay, Myanmar, Malayalam, Marathi, Mongolian, Nepali, Norwegian, Polish, Portuguese (Brazil), Portuguese (Portugal), Punjabi, Russian, Sinhala, Slovak, Spanish (Spain), Spanish-LA, Swahili, Swedish, Tamil, Telugu, Thai, Turkish, Ukrainian, Urdu-PK, Vietnamese, Zulu",https://www.bible.com/privacy,help@youversion.com,http://bible.com/kids
known_dataset_200,teacher_approved,01_teacher_approved.csv,7,com.pjmasks.moonlightheroes,PJ Masks™: Moonlight Heroes,Scary Beasties Limited,https://play.google.com/store/apps/details?id=com.pjmasks.moonlightheroes&hl=en_US&gl=US,Everyone,,Action,GAME_ACTION,true,true,Contains ads; In-app purchases,100M+,100000000.0,168K reviews,168000.0,3.8 star,3.8,0.7479492949504187,GAME_CASUAL,games,high,"google_logo Play
Games
Apps
Movies & TV
Books
Kids
search
help_outline
PJ Masks™: Moonlight Heroes
Scary Beasties Limited
Contains adsIn-app purchases
3.8
star
168K reviews
100M+",http://scarybeasties.com/pjmasks-privacy-policy/,eonefamilyapps@entonegroup.com,https://www.pjmasks.com/faqs/
known_dataset_200,teacher_approved,01_teacher_approved.csv,8,com.doodlejoy.studio.kidsdoojoy,Kids Doodle - Paint & Draw,Doodle Joy Studio,https://play.google.com/store/apps/details?id=com.doodlejoy.studio.kidsdoojoy&hl=en_US&gl=US,Everyone,,Casual,GAME_CASUAL,true,true,Contains ads,50M+,50000000.0,416K reviews,416000.0,4.1 star,4.1,0.7455300948657686,GAME_CASUAL,games,high,"Kids Doodle - Paint & Draw
Kids Doodle, the BEST android drawing app for kids!
Kids Doodle is particularly designed for kids with super easy-to-use painting on photo or canvas.
It has endless bright colors and 24 beautiful brushes, such as glow, neon, rainbow, crayon and sketchy, etc.
App supports unique ""movie"" mode, which can play back kid's artwork like a small film. Children love it so much!
The built-in gallery stores both kids drawing picture and drawing procedure. Kids can continue their drawing whenever they want, or ""movie"" their previous masterpiece anytime they would love.
GAME FEATURES:
* paint on photo or canvas * 24 brushes, such as glow, neon, fireworks, spark, star, rainbow, crayon, spray, ribbon, etc
* bright colors
* creative drawing
* built-in art gallery stores both doodle and doodle animation.
* ""movie"" mode to play back the drawing like a little film.
* undo, redo
* share drawing via Facebook, twitter, instagram, gmail, etc.
http://www.youtube.com/watch?v=rObLR7_Bjec
Share your Art on Kids Doodle Facebook Page
http://www.facebook.com/pages/Kids-Doodle/288132957929045",https://doodlejoy.studio/privacy-policy,doodle.joy.studio@gmail.com,http://www.doodlejoy.studio
known_dataset_200,teacher_approved,01_teacher_approved.csv,9,com.budgestudios.ThomasAndFriendsGoGoThomas,Thomas & Friends: Go Go Thomas,Budge Studios,https://play.google.com/store/apps/details?id=com.budgestudios.ThomasAndFriendsGoGoThomas&hl=en_US&gl=US,Everyone,Digital Purchases,Racing,GAME_RACING,true,true,Contains ads; In-app purchases,50M+,50000000.0,226K reviews,226000.0,4.4 star,4.4,0.7436198866184152,GAME_RACING,games,high,"Thomas & Friends: Go Go Thomas
Join Thomas and his friends on exciting racing adventures! Race as your favorite engine on incredible tracks filled with twisty rollercoasters, splashy waterslides and epic jumps! Play against rival engines or challenge a friend in the 2-player mode! Use speed boosters to help you race your fastest and collect golden cogwheels to upgrade your engines. Full steam ahead!
Fun Kids train racing game for boys, girls and children of all ages.
READY, SET, GO!
• RACE as Thomas and his fantastic engines friends: Percy, James, Emily, Toby, Rebecca, Nia, Yong Bao, Spencer and more!
• PLAY in either ""1-Player"" or ""2-Player"" mode to challenge a friend!
• TAP the green button as fast as you can to get going at blazing speed!
• PERFORM special abilities, such as the Whirly Wind or the Wheelie Surf, to get a speed boost and puff even faster!
• USE the stunts button to flip, twist and barrel roll!
• EXPLORE new exciting race tracks, from the countryside to the castle!
• COMPLETE a full golden cogwheel to evolve your engines' speed, boost or acceleration!
• BUILD your collection of classic and newcomer engines friends!
RACE TRACKS TO EXPLORE!
• FUNNEL TUNNEL: Race around the windmills and jump over a mountain in the countryside of Sodor!
• DARING DOCKS: Plummet through containers and jump off the biggest ship in Sodor! It's a pulse pounding race to the finish line!
• FRANTIC FORTRESS: Rocket though tunnels and jump off the stained-glass window inside the castle! This is a real rollercoaster of a race!
• ROARING FALLS: Venture in this majestic mountain in the shape of the Lion of Sodor! Only the most courageous engines race on its tracks! Come make a splash at the Roaring Falls!
PRIVACY & ADVERTISING
Budge Studios™ takes children's privacy seriously and ensures that its apps are compliant with privacy laws. This application has received the ""ESRB (Entertainment Software Rating Board) Privacy Certified Kids' Privacy Seal"". For more information, please visit our privacy policy at: https://budgestudios.com/en/legal/privacy-policy/, or email our Data Protection Officer at: privacy@budgestudios.ca
Before you download this app, please note that it is free to try, but some content may only be available via in-app purchases. In-app purchases cost real money and are charged to your account. To disable or adjust the ability to make in-app purchases, change your device settings. This app may contain contextual advertising (including the option to watch ads for rewards) from Budge Studios regarding other apps we publish, from our partners and from third parties.Budge Studios does not permit behavioral advertising or retargeting in this app. The app may also contain social media links that are only accessible behind a parental gate.
END-USER LICENSE AGREEMENT
This application is subject to an End-User License Agreement available through the following link: https://budgestudios.com/en/legal-embed/eula/
ABOUT BUDGE STUDIOS
Budge Studios was founded in 2010 with the mission to entertain and educate children around the world, through innovation, creativity and fun. Budge Studios maintains the highest standards of safety and age-appropriateness, and has become a global leader in children's apps for smartphones and tablets.
Visit us: www.budgestudios.com
Like us: facebook.com/budgestudios
Follow us: @budgestudios
Watch our app trailers: youtube.com/budgestudios
HAVE QUESTIONS?
We always welcome your questions, suggestions and comments. Contact us 24/7 at support@budgestudios.ca
BUDGE and BUDGE STUDIOS are trademarks of Budge Studios Inc.
Thomas & Friends™ Go Go Thomas ©2014-2018 Budge Studios Inc. All Rights Reserved.",https://budgestudios.com/legal/privacy-policy/,support@budgestudios.ca,https://budgestudios.com/en/apps/detail/thomas-and-friends-go-go-thomas/
known_dataset_200,teacher_approved,01_teacher_approved.csv,10,com.rvappstudios.jigsaw.puzzles.kids,Puzzle Kids: Jigsaw Puzzles,RV AppStudios,https://play.google.com/store/apps/details?id=com.rvappstudios.jigsaw.puzzles.kids&hl=en_US&gl=US,Everyone,,Puzzle,GAME_PUZZLE,true,true,,50M+,50000000.0,37.7K reviews,37700.0,4.5 star,4.5,0.7224025474609954,GAME_EDUCATIONAL,games,high,"Puzzle Kids: Jigsaw Puzzles
What’s the best way to build your child’s logic skills and help them recognize shapes and patterns? By playing the colorful and completely free educational app Puzzle Kids - Jigsaw Puzzles
Puzzle Kids takes learning seriously with a selection of drag and drop object puzzles designed especially for children. Each mini-game challenges your child to locate and manipulate shapes, solve jigsaw puzzles, and recognize how shapes fit into a larger picture, all with a colorful and easy to use interface that’s perfect for tiny hands. Any toddler, kindergartener or preschooler can have fun with Puzzle Kids, and they can even collect sticker and toy rewards for completing the games!
Puzzle Kids is completely free from third party ads and in-app purchases. It‘s a free, full featured download that‘s ready to entertain and educate your kids!
Puzzle Kids - Jigsaw Puzzles includes the following games:
1. Shape Matching – Objects appear on the screen along with empty outlines just above. Children can drag the objects onto the outlines to make matches and complete the puzzle.
2. Object Builder – A shape is shown above with a series of pieces scattered below. Kids must match individual shapes and drag them to fit into the larger picture to reveal a fun image.
3. Guess the Object – A mystery object has appeared! Help your child guess the picture using as few clues as possible. Drag colored shapes to the outline for hints.
4. Jigsaw Puzzles – Arrange more complex shapes to complete a larger image. Several jigsaw options are available to parents to help customize the number of pieces and difficulty of the puzzles.
Features:
- Challenge problem solving and logic skills with four unique mini-games
- Colorful interface to help kids manipulate on-screen objects
- Helps improve concentration and cognitive skills
- Earn stickers and toys as rewards
- Completely free to download with no third party ads or in-app purchases!
Puzzle Kids - Jigsaw Puzzles is designed for kids and parents to have fun together. It‘s a clever and colorful learning experience the entire family will enjoy, and best of all, it‘s free! Download now and see just how much your child can learn.",https://www.rvappstudios.com/privacy_policy_ABC.php,app_support@rvappstudios.com,http://www.rvappstudios.com
known_dataset_200,teacher_approved,01_teacher_approved.csv,11,com.counting.kidsgame,123 Kids - Counting & Numbers,App Merchant,https://play.google.com/store/apps/details?id=com.counting.kidsgame&hl=en_US&gl=US,Everyone,,Education,EDUCATION,true,true,Contains ads; In-app purchases,1M+,1000000.0,1.44K reviews,1440.0,3.9 star,3.9,0.5542216372829712,EDUCATION,others,medium,"123 Kids - Counting & Numbers
Introducing a fun and educational counting games for kids app, designed to teach them how to count from 1 to 10! With our 123 learn app, children can learn the basics of counting through a series of entertaining and interactive kids number games.
Our number games for kids app features a colorful and child-friendly interface that is easy to navigate, making it perfect for young learners.
The counting games for kids are designed to engage children's 123 learn attention and promote active learning, while also helping to develop their motor counting games for kids skills, hand-eye coordination, and cognitive abilities.j
As children progress through the number games for kids app, they will be rewarded with fun animations and sounds, keeping them motivated and engaged.
Overall, our 123 learn app is a fantastic way to introduce kids to the world of number games for kids and counting games for kids in a fun and engaging way.
The interactive number games for kids and colorful graphics make learning about kids number games a fun and enjoyable experience for young children.
Our 123 kids counting app is designed to be not only educational but also entertaining and engaging in number games for kids. To achieve this, we have included cool animations and voice guidance throughout the 123 learn app. The cool animations and voice guidance in our kids number games app make it a fun and interactive learning experience for kids number games
Features:
👉🏿Kids need to tap on the numbers in sequence to launch the rocket and reach the next level
👉🏿Kids need to identify which number is smaller or larger among the given options
👉🏿Kids need to arrange the numbers in a sequence to make a cake
👉🏿Kids need to add two numbers to get the result that is already shown
👉🏿This 123 kids counting app is designed to help kids learn counting by filling a tractor with the numbers that are shown on it
👉🏿This feature helps kids learn how to write numbers by tracing them on the screen
👉🏿With different objects and colors, kids can enjoy drawing and counting from one to twenty
👉🏿This feature helps kids learn how to write numbers by tracing them on the screen
👉🏿Kids need to arrange the numbers in a box in the right order
👉🏿Kids need to find the number that matches the main number from the given four numbers.
👉🏿Kids need to count the objects and select the right number from the given options.
👉🏿His feature helps kids learn number counting by bursting balloons in sequence. Kids need to burst the balloons in a sequence from one to ten.
👉🏿This feature helps kids number games and 123 learn about patterns and sequences. Number games for Kids need to identify the missing number in a sequence of three numbers.
Our counting games for kids app is also a great way for parents to spend quality time with their children.
By playing the kids number games together, parents and kids can bond over the learning experience and have fun while learning at the same time.
Download the counting games for kids app Now!",https://app-merchant.com/privacy-policy/kids-games,yourappmerchant@gmail.com,https://www.app-merchant.com
known_dataset_200,teacher_approved,01_teacher_approved.csv,12,com.taptaptales.strawberry,Strawberry Shortcake Big City,TapTapTales,https://play.google.com/store/apps/details?id=com.taptaptales.strawberry&hl=en_US&gl=US,Everyone,In-Game Purchases,Simulation,GAME_SIMULATION,true,true,Contains ads; In-app purchases,1M+,1000000.0,1.44K reviews,1440.0,3.9 star,3.9,0.5542216372829712,GAME_EDUCATIONAL,games,medium,"Strawberry Shortcake Big City
Strawberry Shortcake has big dreams. She wants to be the BEST baker that Berrylands has ever seen and that's why she packed her bags and along with her beloved cat Custard she went to live with her Aunt Praliné to the only place where a baker can go if they want to become the best in the whole world: the BIG APPLE CITY!
Strawberry Shortcake believes that a perfectly baked treat can brighten someberry’s day… and the more days she brightens the better the world will be! Any problem can be better solved with one cupcake at a time, so she is determined to «bake the world a better place» and to use her skills to make the world a little friendlier and a little more awesome.
BIG APPLE CITY is an amazing place where the best bakers are, and full of wonderful girls which Strawberry Shortcake wants to be friends with. But if she wants to become the best baker, she will have to work hard and she will need the help of the city girls.
In this game, Strawberry Shortcake arrives on her own at the Big City and she only knows her Aunt Praliné, so she will have to make friends with the awesome BERRIES if she wants to work at BERRYWORKS and become the best pastry chef in the world.
Stroll with Strawberry Shortcake around the BIG APPLE CITY so that she makes friends with Orange Blossom, Lime Chiffon, Lemon Meringue, Blueberry Muffin, Huckleberry Pie, and the competitive Raspberry Tart. To become friends with them she will need to help them with their tasks. If she gets to take a selfie with them, they will be her besties and they will love her optimism, her energy and, of course, her baked goods!
CONTENTS OF THE APP
- Learn the secrets of the magical lucky spoon from Aunt Praliné to cut fruits and to knead the dough. If you do it right, Aunt Praliné will give you her old food truck, which you will have to repair and start up.
- Help Orange Blossom to take care of her garden and to prepare smoothies in her food truck.
- Teach Lemon Meringue to calculate the weights of the scales to prepare food for the pets and have fun with her at a circuit of Agility with Pupcake.
- Lime Chiffon needs an outfit to go to a party. Help her to choose the fabrics, to make the dresses and to choose the accessories. When she is your friend, you can help her to prepare smoothies in her food truck.
- Blueberry Muffin has some problems with her lettering, and she needs you to help her to write the menu on the blackboard. Then you can serve ice cream in her food truck.
- Raspberry Tart is a very competitive girl, and she always wants to be the first to complete the recipes. Compete against her in the supermarket to see who is the fastest to get all the ingredients.
- Huckleberry Pie's dream is to become a professional musician, but first he needs to practice a lot. Help him with the chords of his guitar and be a DJ at the party of Big Apple City.
- Visit the BerryWorks cafeteria and play checkers, memory, tic-tac-toe, connecting pairs and complete jigsaw puzzles with your friends.
- When Strawberry Shortcake gets all the selfies with her new friends, she will get her own food truck to serve her delicious treats.
FEATURES
- Have fun and learn with the 20 games of Strawberry Shortcake in the Big City.
- Five board games: Memory, Jigsaw Puzzle, Tic-tac-toe, Pairs, and Checkers.
- Games of math, geometry, and programming.
- Amazing musical games.
- More than seven games of simulation: preparing food, sewing and construction.
- Wonderful designs and animations of the characters from the series Strawberry Shortcake in The Big City.
- It strengthens the values of friendship and teamwork.
- It fosters imagination and creativity.
- It helps to stimulate cognitive skills.
- Supervised by educators.
TAP TAP TALES
Web: http://www.taptaptales.com
Facebook: https://www.facebook.com/taptaptales
Twitter: @taptaptales
Instagram: taptaptales
Privacy policy
http://www.taptaptales.com/en_US/privacy-policy",https://taptaptales.com/privacy-policy,hello@taptaptales.com,https://taptaptales.com
known_dataset_200,teacher_approved,01_teacher_approved.csv,13,com.androidcss.hangman,Hangman Kids - Word game,Gururaj P Kharvi,https://play.google.com/store/apps/details?id=com.androidcss.hangman&hl=en_US&gl=US,Everyone,In-Game Purchases,Word,GAME_WORD,true,false,Contains ads,1M+,1000000.0,2.28K reviews,2280.0,3.6 star,3.6,0.5541758849862483,GAME_WORD,games,medium,"Hangman Kids - Word game
Hangman is a word guessing game, the word to guess is represented by a row of dashes representing each letter of the word. If kid suggests a letter which occurs in the word, the computer writes it in all its correct positions and part of the picture is revealed. If the suggested letter does not occur in the word, the letter is marked as wrong. You have total of 5 chances to guess wrong letter, after which you lose game.
By guessing all letters in the word, the complete picture is revealed and kid will be the winner. Based on the wrong attempts, the coins are added to kid's game pocket.
This version of the game is designed in such a way that the hangman words are suitable for children's and kids can guess the word by looking at the picture on the screen. Hard word for hangman are introduced as you progress. play hangman and learn the hangman word.
Here are some of the highlights of the game:
* The game supports English, Chinese 中文, Spanish Española, Indonesian Bahasa Indonesia, Portuguese Português, French Français, Japanese 日本語, Russian Pусский, Dutch Deutsch, Hindi हिन्दी and Kannada ಕನ್ನಡ
* Reveals part of the picture for each correct letter
* 10+ categories and 3000+ words
* Learn by knowing the fact of the things
* hangman online version is coming soon
The game is also called as permainan hangman, hangman spel, game hang man, hangman игра, snowman, spaceman, Mouse and Cheese Game, Rocket Blast Off, Spider in a Web, Disappearing Snowman and Wordle in the Classroom",https://androidappsguru.com/policy/hangman-kids.html,gpkprivate@gmail.com,
known_dataset_200,teacher_approved,01_teacher_approved.csv,14,kids.doodle.best.photo.apps,Kids Doodle,Hairstyle Photo Apps,https://play.google.com/store/apps/details?id=kids.doodle.best.photo.apps&hl=en_US&gl=US,Everyone,,Casual,GAME_CASUAL,true,true,Contains ads,1M+,1000000.0,4.14K reviews,4140.0,3.2 star,3.2,0.5539068619203924,GAME_EDUCATIONAL,games,medium,"Kids Doodle
🖌️ Kids Doodle is the simple drawing app for all the people who love to draw!
Kids Doodle is new game to draw on photo or canvas. Paint with Kids Doodle and create magic doodle artwork with neon paint!
🖌️ Kids Doodle is very easy to use. If you love doodle draw you will love this app!
🖌️ Kids Doodle is the simple app for people who want to paint & relax! You can create funny picture with doodles or draw on photo everything you want!
🖌️ Kids Doodle is perfect game for kids 2-8 years old to draw space, neon or magic doodle pages!
🖌️ Kids Doodle is super game for baby painting! And also for adults art! Simple drawing app for all!
🖌️ Kids doodle game provides set of awesome coloring tools and brushes: neon painting, hearts, stars drawing, glow paint, sketch drawing, rainbow painting, crayons, paint on a black background!...
🖌️ Kids Doodle is very easy to use:
1. Select paint on NEW canvas or edit PHOTO
2. Select one of 17 magic brushes
3. Undo, redo, eraser features!
4. Random colors are super bright!
5. Save and Share your magic doodling picture with your friends and family!
🖌️ Draw on picture with new kids doodle magic game!
🖌️ Enjoy with Kids Doodle drawing application!
🖌️ Try kids doodle right now absolutely FREE!",http://bestphotoapps.ru/privacy-policy.html,best.photo.app@gmail.com,
known_dataset_200,teacher_approved,01_teacher_approved.csv,15,com.sunny.halloween.coloring.book,Halloween Coloring Book,Sunny Kid Games,https://play.google.com/store/apps/details?id=com.sunny.halloween.coloring.book&hl=en_US&gl=US,Everyone,,Art & Design,ART_AND_DESIGN,true,true,Contains ads,1M+,1000000.0,1.03K reviews,1030.0,4.1 star,4.1,0.5538810496768991,ART_AND_DESIGN,others,medium,"Halloween Coloring Book
Paint and color the most funny Halloween Coloring pages with this application.
Celebrate Halloween coloring on your telephone mobile or tablet with a game specially created to commemoratethe Day of All Saint's
Pumpkins, witches, ghosts, and other funny monsters are waiting for you to be colored.
You can color with your own finger and choose among variety colours. Save your creations and share them using whatsapp or your favourite social network. It’s really funny!
This entertaining Halloween game allows you to create beautiful artworks in the same way as you would on a paper, book or magazine, using different options to paint like brushes, crayons or pencils and eraser.
Parents and children will be able to display all their creativity by coloring, drawing, painting and decorating their works with multiple stamps allusive to Halloween.
It's an excellent way to spend time with your children while sharing nice moments at these witch-night parties.
Advantages for Children:
Develop Creativity, Imagination and Driving Capability.
Have fun while you color, draw, paint and decorate your creations.
Stimulates self-esteem, mood and positive feelings.
Features:
- 100% FREE
- More than 30 coloring pages
- Simple and intuitive design for children
- Pencils, brushes, crayons, different strokes and colors
- Variety of stamps to decorate
- Special effects using dynamic and bright colors
- Undo function and Erase Gum for partial or total erasure.
- Save drawings in the album to edit them
- Share drawings using Whatsapp, Instagram, Facebook, Twitter or email
--- Do you like our free application? ---
Help us and take a moment to write your opinion on Google Play.
Your contribution allows us to improve and develop new applications for free.",http://sunnydreamsgames.com/privacy_policy.html,sunnykidgames@gmail.com,http://sunnydreamsgames.com
known_dataset_200,teacher_approved,01_teacher_approved.csv,16,com.boddle.learning,Boddle,Boddle,https://play.google.com/store/apps/details?id=com.boddle.learning&hl=en_US&gl=US,Everyone,,Educational,GAME_EDUCATIONAL,true,true,In-app purchases,500K+,500000.0,3.02K reviews,3020.0,4.4 star,4.4,0.5536443186767414,GAME_EDUCATIONAL,games,medium,"Boddle
Boddle is an interactive 3D game that makes learning and practicing math, reading, and science both fun and engaging!
Used by thousands of schools, teachers, parents and students, Boddle is proven to provide young learners with healthy screen time while providing adults with the insight and assurance of learning progress.
ENGAGING, EFFECTIVE, TRANSFORMATIVE
- Filled with thousands of math and reading questions, lessons, and instructions
- Unique bottle-headed game avatars that kids love, adore, and grow with
- Fun mini-games and awesome rewards to increase engagement and motivation while learning
PERSONALIZED LEARNING
- Using adaptive learning technology (AI), our program tailors instruction and practice to each child at their very own pace.
- Learning gaps are automatically identified and addressed while providing parents and teachers with real-time reports the moment they appear.
CURRICULUM DEVELOPED BY EXPERTS
Our team of instructional designers and educators have developed over 100,000+ math questions and lesson videos that aligns to standards and skills that are trusted by schools and parents at home.
REPORTING FOR PARENTS AND TEACHERS
Boddle comes with both a classroom (teacher) and a home (parent) app that provides teachers and parents insight on each learner's 1) progress and growth, 2) any learning gaps found, and 3) overall game usage.
In addition, both teachers and parents can create and send in assignments and assessments that automatically gets graded and transformed into easy-to-view reports!
Boddle's bottle-headed characters uniquely are designed to let students know the importance of filling up with knowledge (like filling up a bottle), valuing others for the content of their character (like how bottles are valued for their content), and to pour back to help others (illustrated with pouring back out to grow plants in the game).
Backed by Google, Amazon, AT&T, Unity3D, and research!",https://www.boddlelearning.com/privacy,contact@boddlelearning.com,https://boddlelearning.com/
known_dataset_200,teacher_approved,01_teacher_approved.csv,17,se.appfamily.memory.animals.free,Memory Matching Game for Kids,App Family Kids - Learning games for boys & girls,https://play.google.com/store/apps/details?id=se.appfamily.memory.animals.free&hl=en_US&gl=US,Everyone,Digital Purchases,Puzzle,GAME_PUZZLE,true,true,Contains ads; In-app purchases,500K+,500000.0,2.07K reviews,2070.0,4.6 star,4.6,0.552749526034343,GAME_EDUCATIONAL,games,medium,"Memory Matching Game for Kids
Watch the dogs, cats, elephants and other animals move and speak when you find two of a kind! Pop fun rewards when you complete a level! Keep track of all the animals you have found in the trophy room!
This kids matching game helps develop memory skills of children. It contains cute images such as a puppies, farm animals, an elephant, a lion and more. When all the cards are matched, you get to pop fun rewards and the animals you have found are collected in the trophy room!
FEATURES:
- 5 different difficulties (6, 8, 12, 16 and 20 cards)
- Cute sounds for kids
- Colorful HD graphics designed for toddlers
- No ads in game
EDUCATIONAL VALUES:
Memory games and jigsaw puzzles are fun all ages, and this one is especially great for kids between 3 and 5 years old. Both boys and girls will love this game as it helps them train their concentration while having puzzle fun.
Music: ""Happy Alley""
Kevin MacLeod (incompetech)
Licensed under Creative Commons: By Attribution 3.0",http://www.appfamily.se/index.php?page=privacy,per.haglund@appfamily.se,http://www.appfamily.se
known_dataset_200,teacher_approved,01_teacher_approved.csv,18,com.cosmicmobile.app.dottodot,Dot to Dot - Connect the Dots,Cosmic Mobile Apps,https://play.google.com/store/apps/details?id=com.cosmicmobile.app.dottodot&hl=en_US&gl=US,Everyone,Comic Mischief,Entertainment,ENTERTAINMENT,true,true,Contains ads; In-app purchases,500K+,500000.0,2.72K reviews,2720.0,4.4 star,4.4,0.5522883918593933,ENTERTAINMENT,others,medium,"Dot to Dot - Connect the Dots
Dot to Dot – Connect the Dots – Drawing and Coloring is cool, free relaxing application . In the application you will find beautiful pictures to connect dots and coloring: animals, florals, funny pictures, people and many others. It’s really easy, connect all the dots to finished your fantastic drawing! After that you can start coloring your drawing. Dot to dot can be played anytime and anywhere! All setting and controls are easy to use . A made and colored drawing can be set as a lovely wallpaper on your phone's screen. Dot to dot for all helps you to feel better and relax.
Dot to Dot features:
- 2 categories of pictures: for all and easy
- Lots of pictures to drawing and coloring: animals, flowers, people and many others. New pictures every week.
- Pictures have got from 40 to over 1000 dots.
- Coloring option.
- Zoom feature.
- Undo feature,
- Saving pictures to galery
- Set picture as cute wallpaper on your phone's screen
- Create great drawings and color them by numbers!
- Share connected pictures with friends and family on facebook or Instagram.
If you lack some pictures email us, we'll add it to the update.
How to play:
- Connect the dots is very easy to use!
- Connect numbers in order to create a drawing.
- When you finished connect dots you can color drawing.
Dots 2 dots is a free application which doesn’t require internet connection - except situation when you want buy diamonds or download additional pictures.
In case of any problems with the effect of Dot 2 Dot - stress relief app, instead of giving us the negative opinion, please send us an e-mail and review briefly the problem. It will help us to solve it in the next updates of app.
Dot to dot is free but contains ads in settings of the wallpaper and inside app. Revenue from advertising will help us to create new attractive wallpapers and applications. All permissions are required only for advertising and are supported by trusted vendors.",http://cosmicmobile.com/cosmic-mobile-privacy-policy/,contact@cosmicmobile.com,http://cosmicmobile.com/
known_dataset_200,teacher_approved,01_teacher_approved.csv,19,com.playandlearn.kids.games.boys.girls.cars,Toddler Games for 3+ years old,PLAY AND LEARN - GAMES FOR KIDS,https://play.google.com/store/apps/details?id=com.playandlearn.kids.games.boys.girls.cars&hl=en_US&gl=US,Everyone,,Racing,GAME_RACING,true,true,In-app purchases,1M+,1000000.0,728 reviews,728.0,4.2 star,4.2,0.551387447877977,GAME_EDUCATIONAL,games,medium,"google_logo Play
Games
Apps
Movies & TV
Books
Kids
search
help_outline
Toddler Games for 3+ years old
PLAY AND LEARN - GAMES FOR KIDS",https://playandlearn.games/privacy_android,info@playandlearn.games,https://playandlearn.games/
known_dataset_200,teacher_approved,01_teacher_approved.csv,20,com.kidly,Kidly – Stories for Kids,Kidly - Stories for Kids,https://play.google.com/store/apps/details?id=com.kidly&hl=en_US&gl=US,Everyone,In-App Purchases,Books & Reference,BOOKS_AND_REFERENCE,true,true,Contains ads; In-app purchases,500K+,500000.0,4.39K reviews,4390.0,4.0 star,4.0,0.5504926050098151,BOOKS_AND_REFERENCE,others,medium,"Kidly – Stories for Kids
Our collection of children story books are brimming with enriched illustrated and auditory tales. You can read them together with your child, drift into sweet slumbers with audiobooks, or relax with your child through meditations. With our educational stories specially designed for preschoolers, you can contribute to their development and expand their imagination with tales and characters. Thanks to the features of audio listening and different language options, your child’s language development is supported with English, French, Spanish, and Portuguese tales. When it's bedtime, your children can take a journey into sweet dreams with calming stories. The most entertaining way to spend quality and safe time with your child is here at any moment, everywhere!
Kindly provides educational, entertaining, and safe read aloud books for children. Kidly is an Education Alliance Finland certified product, making it a highly educational product that efficiently promotes learning. 📈
CONNECT THROUGH BEDTIME STORIES
Kidly offers mindfulness and meditation books that help children focus, relax or sleep better. Make bedtime stories part of your quality family time. Snuggle up with your children and read or listen together.
READ AND LISTEN TO BOOKS ON KIDLY
Kidly books have a read aloud option, making preschooler books more dynamic and engaging!
Kids can listen to books in multiple languages.
MEDITATION AND EXERCISES
The Kidly Meditation module presents videos designed by experts, especially for children. To build awareness, focus, sleep or feel better, the module includes breathing exercises, guided meditation, and physical relaxation.
ONLINE STORIES THAT SUPPORT CHILD DEVELOPMENT 🎖
All Kidly books are vetted by child psychologists, and every book supports children's physical, cognitive, emotional, and social development. Our online stories take on themes like self-worth, environmental awareness, animal rights, philosophy, science, art, gender equality, and more!
Kids can embark on their very own adventures with Kidly’s Choice Stories, which help them develop decision-making abilities through active learning.
JOIN YOUR CHILD’S ADVENTURE
Parents receive weekly reading and developmental reports for their kids and can make reading recommendations.
KIDLY’S EVER-EXPANDING LIBRARY📚
The fun never has to end! You can find exclusive new books to read written by talented kid lit authors and Kidly Originals books every week.
Download Kidly, and take the joy of reading with you wherever you go! 🤩
Privacy Policy: https://file.kidly.world/content/agreement/us/privacy-policy.html
Support e-mail: contact@gokidly.com",https://file.kidly.world/content/agreement/us/privacy-policy.html,contact@gokidly.com,https://gokidly.com
known_dataset_200,teacher_approved,01_teacher_approved.csv,21,com.romanbard.bouncebubble,Bounce Bunny!,RomanBard,https://play.google.com/store/apps/details?id=com.romanbard.bouncebubble&hl=en_US&gl=US,Everyone,,Casual,GAME_CASUAL,true,true,Contains ads,10K+,10000.0,135 reviews,135.0,3.4 star,3.4,0.3795879995484846,GAME_CASUAL,games,low,"Bounce Bunny!
'Bounce Bunny!' is an easy and simple puzzle game to enjoy.
Collect all the eggs by manipulating the bouncing bunny with a left and right touch.
Once you have acquired all the eggs on the screen, you will open a hole where you can go to the next level.
Can you overcome various obstacles and collect all the eggs?
Test your head and agility by challenging all levels of clearness.
The bunny is waiting for you. Start now!",https://docs.google.com/document/d/1Au5Q00KWLTUj1iL_QO8p2WQo_mCsRkaP1Twp32zmfcw/edit?usp=sharing,romanbard84@gmail.com,http://romanbard.blogspot.com/
known_dataset_200,teacher_approved,01_teacher_approved.csv,22,com.ouroboros.solarsystem,Space Atlas: The Solar System,Ouroboro Soft,https://play.google.com/store/apps/details?id=com.ouroboros.solarsystem&hl=en_US&gl=US,Everyone,,Educational,GAME_EDUCATIONAL,true,true,Contains ads,10K+,10000.0,95 reviews,95.0,3.6 star,3.6,0.3790724108690464,GAME_EDUCATIONAL,games,low,"google_logo Play
Games
Apps
Movies & TV
Books
Kids
search
help_outline
Space Atlas: The Solar System
Ouroboro Soft
Contains ads
3.6
star
95 reviews
10K+",https://ouroborosoft.com/content/docs/space_atlas_privacy_policy.txt,ouroborosoft@gmail.com,https://ouroborosoft.com/space-atlas-solar-system/
known_dataset_200,teacher_approved,01_teacher_approved.csv,23,com.bigruby.CookingDeliciousCrab,Cooking Delicious Crab Game,Big Ruby Studios,https://play.google.com/store/apps/details?id=com.bigruby.CookingDeliciousCrab&hl=en_US&gl=US,Everyone,,Simulation,GAME_SIMULATION,true,false,Contains ads,5K+,5000.0,59 reviews,59.0,4.9 star,4.9,0.3788077487424841,GAME_SIMULATION,games,low,"Cooking Delicious Crab Game
It’s food time!
This is a crab restaurant, whose main recipes include crab crackers,baked crab with cheese, curry crab,fried crab cakes,king crab fried rice and crab salad with avocado. After the guest order, you need to prepare the food according to the customer’s request to make the customer feel satisfied, are you ready to make the food for your lovely guests? I am sure you won’t let them down.
1.Crab: select the crab you want and cook it
2.Cutting vegetables:Swipe the screen with your finger and drag the kitchen knife to handle the required ingredients.
3.Stir-fry:Put the cut ingredients into a wok and stir continuously with a sliding spatula.
4.Decoration: Choose beautiful plates and accessories to decorate, a delicious meal is completed.
Curry Crab:
The onion, garlic and so on are sliced and stir-fried, the crab coated with flour is fried in the oil pot until golden and then the curry block is boiled for a while, and finally the dish, the delicious curry crab is finished.
Crab salad with avocado:
Pit and dice the avocados, put the crab meat in the pan and cook,add a few drops of lemon juice,stir in the pepper and salad juice, choose a nice mold, start filling, grab a spoon and fill with either the crab meat or the diced avocado.
Features：
1.Choose your favorite crab dish
2.Cook the crab and vegetables
3.Stir fry the food
4.Garnish with different garnishes and a variety of plates
5.Exquisite cartoon pictures, music and animation effects.",http://www.rubystudios.org/home/policy,vogamesapp@hotmail.com,http://www.rubystudios.org/
known_dataset_200,teacher_approved,01_teacher_approved.csv,24,com.gss.fourinarow.free.connectfour.game.findfour.fourinaline.captainsmistress.plotfour,4 in a Row Battle:Offline Game,Gaming Solution Studio,https://play.google.com/store/apps/details?id=com.gss.fourinarow.free.connectfour.game.findfour.fourinaline.captainsmistress.plotfour&hl=en_US&gl=US,Everyone,,Board,GAME_BOARD,true,false,Contains ads,10K+,10000.0,48 reviews,48.0,4.0 star,4.0,0.378353487598764,GAME_BOARD,games,low,"4 in a Row Battle:Offline Game
The goal is to connect a line of four horizontal,vertical,or diagonal.
Features:-
* Simple UI.
* Single Player.
* Multi Player.
* Undo Functions.",https://sites.google.com/view/gamingsolutionstudio,gamingsolutionstudio1918@gmail.com,
known_dataset_200,teacher_approved,01_teacher_approved.csv,25,lu.magrid,Magrid: Early Math for Kids,LetzMath sarl - Magrid,https://play.google.com/store/apps/details?id=lu.magrid&hl=en_US&gl=US,Everyone,,Education,EDUCATION,true,true,In-app purchases,10K+,10000.0,56 reviews,56.0,3.9 star,3.9,0.3783141069784764,EDUCATION,others,low,"Magrid: Early Math for Kids
""🤔 Does your child struggle to truly understand math? Magrid helps kids approach math more naturally. It is an early math learning app for preschool and kindergarten, using visual tasks instead of text. Built with researchers and grounded in learning science, it helps children develop real understanding, not just memorization. Children build number sense and confidence. Give your child a smoother start in math and make learning easier!
Magrid takes a different approach to math learning. Instead of repeating tasks, children work with visual activities that help them understand what is going on. No reading is required, so children can focus fully on understanding numbers.
Children can take their time and go through tasks without pressure. As they work through the activities, they start to see how numbers relate to each other, not just follow steps. This naturally supports visual thinking and early problem-solving. It fits easily into both home use and preschool or kindergarten learning.
⚙️ How it works
✔ Children explore visual, language-free math tasks instead of memorizing rules
✔ Activities build number sense through interaction and simple exploration
✔ The level adjusts based on each child’s progress and pace
✔ Learning stays pressure-free, supporting focus and steady improvement
🔢 Build strong number sense
Children start by exploring numbers in a more natural way. They compare, look for patterns, and gradually understand how things fit together. Children actively engage with each task, which supports cognitive skills, visual thinking, and basic interaction skills while learning.
🌱 Early math learning that feels natural
Some children struggle with math because the format does not match how they think. Magrid supports early math learning through simple, structured activities based on visual understanding, not language. This way, children can follow more easily, and it fits well with preschool learning, pre-k learning, and early math education. This approach also supports an inclusive learning environment where different learning styles are taken into account.
🧠 Learn math through understanding
There is a real difference between solving something and understanding it. Magrid helps children see how math works, improving problem-solving and supporting cognitive skills without creating frustration or overload.
🌍 Designed for every child
This part is important because math does not feel the same for every child. Magrid supports special needs math and is used by children with dyscalculia, ADHD, autism, and other learning differences. The reason is simple: it does not rely heavily on text. The app follows an inclusive education approach, using visual tasks that many children find easier to follow. Sometimes that small change is what helps.
🎓 Trusted by educators
Magrid is used in classrooms and supported by educators, schools, and institutions worldwide. It is based on research and developed with experts, but in practice it is made to work in everyday learning, whether a child is learning alone or with guidance.
👨‍👩‍👧 Who it is for
✔ Parents looking for better math learning for kids
✔ Preschool and kindergarten learners
✔ Homeschooling families
✔ Teachers and special needs educators
✔ Psychologists and learning specialists
Magrid combines early math learning with number sense and numeracy in a way that feels simple to use. As children continue, they become more confident, more independent, and more comfortable with math.
Download our app and help your child build real understanding through early math learning. Magrid develops number sense and supports steady progress in math education. Give your child a stronger start and make learning feel natural and clear!""",https://magrid.education/privacy-policy/,contact@magrid.education,https://magrid.education
known_dataset_200,family_policy_only,02_family_policy_only.csv,26,com.duolingo,Duolingo: Language Lessons,Duolingo,https://play.google.com/store/apps/details?id=com.duolingo&hl=en_US&gl=US,Everyone,"Users Interact, Digital Purchases",Education,EDUCATION,false,true,Contains ads; In-app purchases,500M+,500000000.0,46.6M reviews,46600000.0,4.7 star,4.7,0.8857222401839943,EDUCATION,others,high,"Duolingo: Language Lessons
Learn a new language, chess & more with the world’s most downloaded education app! Duolingo is the fun, free app for learning 40+ languages through quick, bite-sized lessons. Practice speaking, reading, listening & writing to build your vocabulary & grammar skills.
Designed by learning experts & loved by hundreds of millions worldwide, Duolingo helps you prepare for real conversations in Spanish, French, Chinese, Italian, German, English & more. Whether you want to learn Spanish, learn French, learn German or improve your English, our language lessons make learning effective & fun
And now, you can learn Math, Music & Chess the Duolingo way, including interactive chess online & fun chess lessons for all levels!
♟️Chess: Master moves, level up your game & play chess online in our brand new Chess course. Learn chess basics, practice fun chess challenges & improve your strategy with guided chess lessons. Whether you're new to chess or already play online chess, our step-by-step chess lessons help you build real skills. Play online chess matches, solve chess puzzles & experience fun chess training designed to make learning chess engaging & rewarding. Checkmate!
🧮 Math: Build real-world math skills: from calculating tips to identifying patterns, sharpen your mental math in our Math course. Learn foundational topics like multiplication, fractions, geometry & more & keep your brain sharp with more challenging exercises, games etc.
🎵 Music: Learn how to read music & play popular songs on your device in our Music course, no instrument needed! Using an on-screen keyboard, you’ll learn bit-by-bit.
Whether you’re learning a language for travel, school, career or your brain health, you’ll love learning with Duolingo. You can learn languages like Spanish, French, German & English while also strengthening your logic & focus through chess online & strategic chess practice.
Why Duolingo?
• Duolingo is fun & effective. Game like language lessons & fun characters help you build solid speaking, reading, listening, & writing skills, plus enjoy fun chess & competitive online chess in one app.
• Duolingo works. Designed by learning experts, Duolingo has a science-based teaching methodology proven to foster long-term knowledge retention across language lessons & chess lessons alike.
• Track your progress. Work toward your learning goals with playful rewards & achievements when you make practicing language lessons or chess online part of your daily habit.
• Join millions of learners. Stay motivated with competitive Leaderboards as you learn languages & play chess online alongside our global community.
• Every language course is free. Learn Spanish, French, German, Italian, Russian, Portuguese, Turkish, Dutch, Irish, Danish, Swedish, Ukrainian, Esperanto, Polish, Greek, Hungarian, Norwegian, Hebrew, Welsh, Arabic, Latin, Hawaiian, Scottish Gaelic, Vietnamese, Korean, Japanese, English, & even High Valyrian! And now, learn Math, Music & improve your chess online skills with structured chess lessons & fun chess challenges.
What the world is saying about Duolingo ⭐️⭐️⭐️⭐️⭐️:
Editor's Choice & """"Best of the Best”- Google Play
“Far & away the best language-learning app.”- The Wall Street Journal
“This free app & website is among the most effective language-learning methods I’ve tried… lessons come in the form of brief challenges, speaking, translating, answering multiple-choice questions, that keep me coming back for more.”- The New York Times
“Duolingo may hold the secret to the future of education.”- TIME Magazine
“..Duolingo is cheerful, lighthearted & fun..”- Forbes
If you like Duolingo, try Super Duolingo for 14 days free! Learn a language fast with no ads & get fun perks like Unlimited Hearts & Monthly Streak Repair.
Send any feedback to android@duolingo.com
Use Duolingo on the Web at https://www.duolingo.com
Privacy Policy: https://www.duolingo.com/privacy",https://www.duolingo.com/privacy,super-support@duolingo.com,https://www.duolingo.com/help/support-request
known_dataset_200,family_policy_only,02_family_policy_only.csv,27,me.pou.app,Pou,Zakeh,https://play.google.com/store/apps/details?id=me.pou.app&hl=en_US&gl=US,Everyone,In-Game Purchases,Simulation,GAME_SIMULATION,false,true,Contains ads; In-app purchases,1B+,1000000000.0,11.4M reviews,11400000.0,4.3 star,4.3,0.8796427817131306,GAME_CASUAL,games,high,"Pou
Do you have what it takes to take care of your very own alien pet?! Feed it, clean it, play with it and watch it grow up while leveling up and unlocking different wallpapers and outfits to satisfy your unique taste. How will you customize your Pou?
Feed and take care of Pou, and watch it grow! Play Games in the Game Room and collect Coins! Experiment with Potions at the Lab! Customize Pou's appearance! Try out new Outfits, Hats and Eyeglasses! Customize each room's Wallpaper! Unlock Achievements and Special items! Visit and play with your friends! Talk to Pou and listen back!",http://help.pou.me/privacy-policy.php,pouhelp@gmail.com,https://www.pou.me
known_dataset_200,family_policy_only,02_family_policy_only.csv,28,com.microsoft.teams,Microsoft Teams,Microsoft Corporation,https://play.google.com/store/apps/details?id=com.microsoft.teams&hl=en_US&gl=US,Everyone,Users Interact,Business,BUSINESS,false,true,In-app purchases,500M+,500000000.0,8.65M reviews,8650000.0,4.6 star,4.6,0.8618896507747326,BUSINESS,others,high,"Microsoft Teams
Whether you’re connecting with your community for an upcoming activity or working with teammates on a project, Microsoft Teams helps bring people together so that they can get things done. It’s the only app that has communities, events, chats, channels, meetings, storage, tasks, and calendars in one place—so you can easily connect and manage access to information. Get your community, family, friends, or work mates together to accomplish tasks, share ideas, and make plans. Join audio and video calls in a secure setting, collaborate in documents, and store files and photos with built-in cloud storage. You can do it all in Microsoft Teams.
Easily connect with anyone:
• Skype is now part of Teams. Continue where you left off with your chats, calls and contacts in Microsoft Teams Free.
• Meet securely with communities, teammates, family, or friends.
• Set up a meeting within seconds and invite anyone by sharing a link or calendar invite.
• Chat 1-1 or to your entire community, @mention people in chats to get their attention.
• Create a dedicated community to discuss specific topics and make plans*.
• Work closely and collaborate by keeping conversations organized by specific topics and projects with teams and channels.
• Video or audio call anyone directly in Teams or instantly convert a group chat to a call.
• Use GIFs, emojis, and message animations to express yourself when words aren’t enough.
Accomplish plans and projects together:
• Send photos and videos in chats to quickly and easily share important moments.
• Use cloud storage to access shared documents and files on the go.
• Organize shared content in a community — events, photos, links, files —so you don’t have to waste time searching*.
• Get the most out of your meetings by using screenshare, whiteboard, or breakout in virtual rooms.
• Manage access to information and ensure the right people have access to the right info, even when people join and leave projects.
• Use task lists to stay on top of projects and plans - assign tasks, set due dates, and cross off items to keep everyone on the same page.
Designed to give you peace of mind:
• Securely collaborate with others while maintaining control over your data.
• Keep communities safe by allowing owners to remove inappropriate content or members*.
• Enterprise-level security and compliance you expect from Microsoft 365**.
*Available when using Microsoft Teams with your Microsoft account.
**Commercial features of this app require a paid Microsoft 365 commercial subscription or a trial subscription of Microsoft Teams for work. If you’re not sure about your company’s subscription or the services you have access to, visit Office.com/Teams to learn more or contact your IT department.
By downloading Teams, you agree to the license (see aka.ms/eulateamsmobile) and privacy terms (see aka.ms/privacy). For support or feedback, email us at mtiosapp@microsoft.com. EU Contract Summary: aka.ms/EUContractSummary
Consumer Health Data Privacy Policy
https://go.microsoft.com/fwlink/?linkid=2259814",https://aka.ms/privacy,mstandstore@microsoft.com,http://aka.ms/microsoftteams
known_dataset_200,family_policy_only,02_family_policy_only.csv,29,com.nianticlabs.pokemongo,Pokémon GO,"Niantic, Inc.",https://play.google.com/store/apps/details?id=com.nianticlabs.pokemongo&hl=en_US&gl=US,Everyone,Mild Fantasy Violence,Action,GAME_ACTION,false,true,In-app purchases,500M+,500000000.0,15.4M reviews,15400000.0,3.7 star,3.7,0.8513676244690009,GAME_ADVENTURE,games,high,"Pokémon GO
Join Trainers across the globe who are discovering Pokémon as they explore the world around them. Pokémon GO is the global gaming sensation that has been downloaded over 1 billion times and named “Best Mobile Game” by the Game Developers Choice Awards and “Best App of the Year” by TechCrunch.
_______________
Uncover the world of Pokémon: Explore and discover Pokémon wherever you are!
Catch more Pokémon to complete your Pokédex!
Journey alongside your Buddy Pokémon to help make your Pokémon stronger and earn rewards!
Compete in epic Gym battles and...Team up with other Trainers to catch powerful Pokémon during Raid Battles!
It’s time to get moving—your real-life adventures await! Let’s GO!
_______________
Notes:
- This app is free-to-play and offers in-game purchases. It is optimized for smartphones, not tablets.
- Compatible with Android devices that have 2GB RAM or more and have Android Version 6.0–10.0+ installed.
- Compatibility is not guaranteed for devices without GPS capabilities or devices that are connected only to Wi-Fi networks.
- Application may not run on certain devices even if they have compatible OS versions installed.
- It is recommended to play while connected to a network in order to obtain accurate location information.
- Compatibility information may be changed at any time.
- Please visit PokemonGO.com for additional compatibility information.
- Information current as of October 20, 2020.",https://nianticlabs.com/privacy/pokemongo/en,pokemon-go-support@nianticlabs.com,http://pokemongo.nianticlabs.com/
known_dataset_200,family_policy_only,02_family_policy_only.csv,30,com.oppo.quicksearchbox,Global Search,HeyTap,https://play.google.com/store/apps/details?id=com.oppo.quicksearchbox&hl=en_US&gl=US,Everyone,,Tools,TOOLS,false,true,,1B+,1000000000.0,172K reviews,172000.0,3.9 star,3.9,0.8172717772986053,TOOLS,others,high,"Global Search
Global Search is designed for OPPO,realme,OnePlus devices running ColorOS. Simply swipe down on the home screen to launch and use this app.
With Global Search, you can quickly access various types of information and apps on your phone, including:
- Apps: Enter an app's name to open installed apps or go directly to their download page in the app store.
- Contacts: Enter a name or partial number to find your contacts directly.
- Files: Enter keywords to quickly locate your stored documents, images, videos, music, and other file types.
- Settings: Enter a function name (e.g., ""Sound"") to jump directly to the corresponding settings page.
- Notes: Enter a keyword to immediately find and display related notes.
- Calendar: Enter an event title to keep track of upcoming schedules and activities at any time.",https://actimg.heytapimg.com/cdo-activity/static-page/channel74/index.html?t=1727170711010,app_bravo@heytap.com,https://brand.heytap.com/en/service.html
known_dataset_200,family_policy_only,02_family_policy_only.csv,31,com.coloros.video,Videos,HeyTap,https://play.google.com/store/apps/details?id=com.coloros.video&hl=en_US&gl=US,Everyone,Unrestricted Internet,Entertainment,ENTERTAINMENT,false,true,Contains ads,1B+,1000000000.0,84.5K reviews,84500.0,3.2 star,3.2,0.794057496745068,ENTERTAINMENT,others,high,"Videos
""Videos"" is the official built-in multimedia player of OPPO/Realme. It supports playing most multimedia files in most formats and can play almost all video and audio files.
Features
——————
""Videos"" supports most local video and audio files, including MKV, MP4, AVI, MOV, Ogg, FLAC, TS, M2TS, Wv and AAC. All codecs are built-in and no additional download is required.
""Videos"" provides a media library function for audio and video files and supports direct browsing of folder contents.
""Videos"" supports multi-track audio and multi-track subtitles. It also supports automatic rotation, aspect ratio adjustment and gesture control (volume, brightness, progress).
It also provides a volume control widget, supports headphone control, supports album cover download, and provides a full-featured audio media library.",https://brand.heytap.com/en/privacy.html,support@heytap.com,https://brand.heytap.com/en/service.html
known_dataset_200,family_policy_only,02_family_policy_only.csv,32,jp.pokemon.pokemonunite,Pokémon UNITE,The Pokémon Company,https://play.google.com/store/apps/details?id=jp.pokemon.pokemonunite&hl=en_US&gl=US,Everyone 10+,Fantasy Violence,Strategy,GAME_STRATEGY,false,true,In-app purchases,100M+,100000000.0,1.84M reviews,1840000.0,4.4 star,4.4,0.7909802629586247,GAME_ACTION,games,high,"Pokémon UNITE
Team up and take down the opposition in Pokémon’s first 5-on-5 strategic team battle game!
Join Trainers from around the world as they head for Aeos Island to compete in Unite Battles! In Unite Battles, Trainers face off in 5-on-5 team battles to see who can score the most points within the allotted time. Teamwork is key as you and your teammates defeat wild Pokémon, level up, evolve your own Pokémon, and work to prevent the opposing team from scoring points. Put your teamwork to the test, and take home the win!
Key Features:
• BATTLE IN STYLE: Take to the field while looking your best in Holowear! Thanks to a special technology developed using Aeos energy, Trainers can deck out their Pokémon in a variety of holographic outfits—with new styles arriving regularly!
• UNITE MOVES: Unleash the true power of your Pokémon with Unite Moves! Leverage these all-new Pokémon moves, which are only possible while in Unite Battles, and turn the tide of even the direst situations.
• RANK UP: Looking to prove how skilled you are? Participate in ranked matches, and earn points as you climb up the global leaderboard!
• COMMUNICATION IS KEY: Even the most-skilled Trainers recognize how important communication is to their team’s success. Leverage signals, quick-chat messages, and—for the first time in a Pokémon title—voice chat to communicate and stay in sync with your team.
• CROSS-PLATFORM PLAY: Challenge Trainers from around the world to Unite Battles on the Nintendo Switch™ system or on a compatible mobile device thanks to cross-platform support. Trainers may use their Pokémon Trainer Club account or Nintendo Account on both Nintendo Switch and mobile to easily keep their progress synced between devices.
Check out the official website for more information, and follow Pokémon UNITE on Twitter for all the latest news.
------------------------------------------------------------
Official Website: http://PokemonUNITE.com/
Official X (formerly Twitter): https://twitter.com/PokemonUNITE/
Terms of Use: https://www.apppokemon.com/pokemon-unite/kiyaku/kiyaku003/rule/detail/#anchor_en
Legal:
• This is a free-to-start game; optional in-game purchases available. Data charges may apply.
• An internet connection is required to play the game.",https://www.apppokemon.com/pokemon-unite/kiyaku/kiyaku002/policy/,app-auto-reply@pokemon-support.com,
known_dataset_200,family_policy_only,02_family_policy_only.csv,33,org.jw.jwlibrary.mobile,JW Library,Jehovah's Witnesses,https://play.google.com/store/apps/details?id=org.jw.jwlibrary.mobile&hl=en_US&gl=US,Everyone,,Books & Reference,BOOKS_AND_REFERENCE,false,true,,50M+,50000000.0,1.68M reviews,1680000.0,4.8 star,4.8,0.7776266137237939,BOOKS_AND_REFERENCE,others,high,"JW Library
The JW Library app* is designed to enhance your Bible reading and deepen your personal study. Download Bible-based publications, videos, and audio programs to access your content anytime, anywhere.
Multiple Bible Translations
• Read God’s Word and compare verses from various Bible translations available in hundreds of languages.
Library of Publications
• Download books, brochures, and articles in over 1,000 languages, including more than 100 sign languages.
Videos and Audio Programs
• Enjoy a variety of programs, including videos on Bible teachings, Bible talks, feature dramas, and animated series.
Music
• Listen to a variety of original compositions, including vocal, orchestral, and instrumental recordings.
Daily Text
• Start your day with a Bible verse and comments containing positive, upbuilding thoughts.
Meetings
• Access material for both midweek and weekend meetings in one location.
Search
• Find specific Bible verses, content, and topics.
Personal Study
• Highlight text, add personal notes, and categorize with tags.
Playlists
• Create and organize playlists of music, videos, audio programs, and pictures.
* JW Library is an official app produced by Jehovah’s Witnesses.",https://www.jw.org/finder?prefer=content&wtlocale=E&docid=1011512,jwlibrary@jw.org,http://www.jw.org/finder?docid=802013031
known_dataset_200,family_policy_only,02_family_policy_only.csv,34,com.fitbit.FitbitMobile,Google Health (Fitbit),Google LLC,https://play.google.com/store/apps/details?id=com.fitbit.FitbitMobile&hl=en_US&gl=US,Everyone,Users Interact,Health & Fitness,HEALTH_AND_FITNESS,false,true,In-app purchases,100M+,100000000.0,1.28M reviews,1280000.0,3.8 star,3.8,0.7742754126290208,HEALTH_AND_FITNESS,others,high,"Google Health (Fitbit)
The Fitbit App is now Google Health, bringing out your best with effortless tracking and personalized coaching that’s built with Gemini. Personalized AI fitness plans, sleep insights, and health data make it easier than ever to stay on track toward your fitness goals.
You set the vision. Google Health brings together your fitness, sleep, and overall wellness. Spot key trends, and make choices that help you reach your next milestone on your terms – all with confidence that your data is private and secure. Sync Google Health with your Fitbit, Pixel Watch, your favorite health tracking apps, and your medical records (available in select countries). Log your metrics and track patterns, like sleep, workouts, nutrition and menstrual cycles.
Built with Gemini, Google Health Coach provides expert guidance on everything from sleep and nutrition to running and strength training. (Available in certain countries with Google Health Premium)
GET PERSONALIZED FITNESS PLANS: Whether you’re trying to lose weight, build muscle, improve cardio, or establish healthy habits, Google Health designs workout plans around your goals. Tell your AI fitness coach about your preferences and routines to create a long-term fitness plan and get daily workout recommendations. Google Health will track your progress and provide insights to guide your wellness journey.
TRACK YOUR SLEEP QUALITY: Take the guesswork out of rest and recovery with detailed insights paving the way to better sleep. Your AI coach will analyze your nightly sleep stages, identify long-term trends, and provide actionable guidance based on that data. You can even get a personalized sleep schedule, bedtime reminders, and mindfulness exercises to keep you calm. These sleep quality insights are powered by an improved sleep algorithm, so you can pinpoint interruptions, limit stress, and improve your mood.
ENJOY A HOLISTIC VIEW OF YOUR HEALTH: Receive real-time guidance on your fitness, sleep, and overall wellness 24/7. Stay informed about your daily health with notifications that spotlight trends and celebrate your achievements, all based on your unique ranges. Ask your coach follow-up questions to get a deeper understanding of each insight – and get suggestions for what you can focus on next. Explore women’s health features, tracking your menstrual cycle to understand how each phase affects your routine. By keeping all of your data in one place, Google Health gives you a complete view of your wellness.
PERSONAL, PROACTIVE, SECURE, AND IN YOUR CONTROL: All of your data is protected by built-in security with easy-to-use privacy settings keeping you in control. Google Health is shaped with the help of leading experts across medicine, science, and technology, keeping your wellness in good hands.
* Some features require Google Health Premium subscription (sold separately), Google Health app, Wi-Fi, and internet connection. Features subject to change; availability varies including by country. Not intended for medical purposes. Gemini features work independently of Gemini apps. Check responses for accuracy; results may vary.",http://www.fitbit.com/privacy,android@fitbit.com,https://support.google.com/fitbit
known_dataset_200,family_policy_only,02_family_policy_only.csv,35,com.aimp.player,AIMP,Artem Izmaylov,https://play.google.com/store/apps/details?id=com.aimp.player&hl=en_US&gl=US,Everyone,,Music & Audio,MUSIC_AND_AUDIO,false,true,,50M+,50000000.0,463K reviews,463000.0,4.5 star,4.5,0.7549178247558062,MUSIC_AND_AUDIO,others,high,"AIMP
Attention!
App may works incorrectly on devices based on M.I.U.I firmware.
Key features:
+ Supported formats: aac, ape, dff, dsf, flac, it, m4a, m4b, mo3, mod, mp2, mp3, mp4, mpc, mpga, mtm, ogg, opus, s3m, tta, umx, wav, webm, wv, xm
+ Supported playlists: m3u, m3u8, xspf, pls and cue
+ Support for Android Auto and custom Car PCs
+ Support for OpenSL / AudioTrack / AAudio output methods
+ Support for CUE Sheets
+ Support for OTG-storages and custom file providers
+ Support for user bookmarks
+ Support for user defined playback queue
+ Support for album arts and lyrics
+ Support for multiple playlists and smart-playlists based on folders
+ Support for internet radio (including Http Live Streaming)
+ Automatic detection of tags encoding
+ Built-in 20-band graphic equalizer
+ Balance, Pitch and speed control
+ A-B track part repeat
+ Volume normalization using replay gain or peak-based normalization
+ Sleep timer feature
+ Custom themes support
+ Built-in light, dark and black themes
+ Support for night and day mode
Optional features:
+ Automatic music search and indexing
+ An ability to cross-fade tracks
+ An ability to repeat playlist / track / playback without repeating
+ An ability to down mix multi-channels audio files to stereo
+ An ability to down mix audio files to mono
+ An ability to control playback from notification area
+ An ability to control playback via gestures in album art area
+ An ability to control playback via headset
+ An ability to switch the tracks via volume buttons
Additional features:
+ An ability to play files from the File Manager applications
+ An ability to play files from Windows shared folders (only v2 and v3 of samba protocol are supported)
+ An ability to play files from WebDAV-based cloud storage
+ An ability to add to playlist only chosen files / folders
+ An ability to delete files physically
+ An ability to sort files by template / manually
+ An ability to group files by template
+ An ability to search files in filtering mode
+ An ability to share audio files
+ An ability to register playing track as ringtone from player
+ An ability to edit meta of APE, MP3, FLAC, OGG and M4A file formats
Additionally, our app is ads free.",https://aimp.ru/?do=eula&os=android,support@aimp.ru,https://www.aimp.ru
known_dataset_200,family_policy_only,02_family_policy_only.csv,36,com.amna.obsidiansoft.passthecushion,Pass the Parcel - Music Player,ObsidianSoft,https://play.google.com/store/apps/details?id=com.amna.obsidiansoft.passthecushion&hl=en_US&gl=US,Everyone,,Entertainment,ENTERTAINMENT,false,true,Contains ads; In-app purchases,10K+,10000.0,72 reviews,72.0,5.0 star,5.0,0.4035216064753312,ENTERTAINMENT,others,medium,"Pass the Parcel - Music Player
This is a music-playing app for your children's birthday party games like Pass the Parcel, Musical chairs, Freeze, etc.
It plays the music for a random period of time and then stops. No need for one person to stay out of the fun-filled birthday party game and play the music; the app will handle all your needs.
This app also has a unique feature; it takes a photo automatically when the music stops. This feature will bring a certain stop to the usual arguments that result in party games like he had the parcel or she didn't have the parcel or she sat on the chair first, etc. The picture will be ample proof to resolve all the disagreements.
Android 13 Issue Resolution:
Please close and reopen the play screen if the camera view is black.
The app doesn't stop at that. It comes armed with a list of tasks/forfeits for a person caught with the parcel or the person left without the chair. So, no need to think about what forfeit to give to the caught person. The “Pass the Parcel - Party Music Player” app will do it for you.
You can change the default settings and easily customize this app to suit your needs.
1. If you are not happy with the default music of the app, you can choose a song of your own liking to play for the game.
2. If the app's default forfeits/tasks are not to your liking, you can remove some or all of them and add your own tasks.
3. The music plays for a random period of time between 15 seconds and 25 seconds. However, you can increase the upper limit of the music to be more than 25 seconds.
4. By default, the app will take a picture when the music stops using the back camera of your device. However, you can always change the settings to use the front camera instead. You can also stop the camera feature by unchecking the “Take Pic” checkbox.
5. Moreover, if you want to manually control the game with the app only acting as a music player, then this is also possible. When you pause the music, the picture will still be taken.
Have fun using this app. This app makes the children independent. They don't need an adult to manage their favorite party game's music. The young girls or boys can manage their own party games in a 100% fair manner.
We assure you that this app will add a unique feature to all your birthdays, dinners, picnics, and other parties/events. The kids will surely love to see the amusing moments of their game captured on screen and all their prospective disagreements solved with just one click.
Ideal for all of the party games for girls or boys where you need a music player that stops on its own. Musical Chairs, Pass the Parcel, Freeze, Pass the pillow, and Dancing games are some of the party games that we can think of but you are free to invent your own games ;).
We hope that this app leads to more fun and entertainment in all your birthday party games!",https://obsidiansofteducation.blogspot.com/p/pass-parcel-privacy-policy.html,obsidiansoftc@gmail.com,https://obsidiansofteducation.blogspot.com/
known_dataset_200,family_policy_only,02_family_policy_only.csv,37,com.shapun.typi,Typi AI - Writing Assistant,Shapun S Poonja,https://play.google.com/store/apps/details?id=com.shapun.typi&hl=en_US&gl=US,Everyone,In-App Purchases,Productivity,PRODUCTIVITY,false,true,Contains ads; In-app purchases,10K+,10000.0,249 reviews,249.0,4.2 star,4.2,0.4034808068699707,PRODUCTIVITY,others,medium,"Typi AI - Writing Assistant
Get instant AI help anywhere you type. Just add @typi, @fix, @emoji, or @translate at the end of any text, and let Typi do the rest. WHY TYPI? • Works in ANY app (WhatsApp, Gmail, Twitter, Instagram, messaging apps) • No keyboard switching—stay in your flow • Multiple commands: @fix (grammar), @emoji (suggestions), @typi (AI reply), @translate (language) • Fast and lightweight • Free to use PERFECT FOR: ✓ Writing better emails ✓ Fixing typos instantly ✓ Adding personality with emojis ✓ Getting quick AI responses ✓ Translating texts on the fly HOW IT WORKS: 1. Install Typi 2. Grant accessibility permission (required to observe your typing) 3. Type in any app → add command → get results instantly Privacy first: Your data is your business. Typi processes requests securely. Your privacy matters. Typi uses accessibility services to help you write better. Learn more in our privacy policy.
Visit https://typiai.com/ for more info.",https://www.termsfeed.com/live/d374e963-99c1-4f1e-8f2f-dfb438631a17,shapund963dev@gmail.com,
known_dataset_200,family_policy_only,02_family_policy_only.csv,38,com.derekhdawson.pianosightreading,Piano Sight Reading Trainer,Derek Dawson,https://play.google.com/store/apps/details?id=com.derekhdawson.pianosightreading&hl=en_US&gl=US,Everyone,,Music & Audio,MUSIC_AND_AUDIO,false,true,In-app purchases,10K+,10000.0,212 reviews,212.0,4.3 star,4.3,0.4034043144685238,MUSIC_AND_AUDIO,others,medium,"Piano Sight Reading Trainer
The best app to learn how to read sheet music and improve your speed and accuracy at identifying notes! Whether you're a beginner or an expert, this app can take you to the next level and unlock your musical potential. Practice with the difficulty you set or compete with the other users to see how you stack up!
Features:
* Choose between a piano, notes or even a live instrument of your choosing
* See various stats about your sight reading abilities
* Change what settings you practice with (clef, range of notes, accidentals)
* Play with a variety of beautiful themes",https://pages.flycricket.io/sight-reader/privacy.html,derekhdawson@yahoo.com,https://docs.google.com/forms/d/e/1FAIpQLSdLTV3CwADVjOhXTL3xkrDv41uVd6hivaLcAHimjwcxjDIIrA/viewform?usp=sf_link
known_dataset_200,family_policy_only,02_family_policy_only.csv,39,com.qookie.unwantedgray,Unwanted Gray,Qookie Games,https://play.google.com/store/apps/details?id=com.qookie.unwantedgray&hl=en_US&gl=US,Everyone,Mild Fantasy Violence,Action,GAME_ACTION,false,true,In-app purchases,10K+,10000.0,393 reviews,393.0,3.9 star,3.9,0.4033781844671265,GAME_CASUAL,games,medium,"google_logo Play
Games
Apps
Movies & TV
Books
Kids
search
help_outline
Unwanted Gray
Qookie Games",https://qookie.games/unwanted-gray-privacy-policy/,qookieg@gmail.com,https://qookie.carrd.co
known_dataset_200,family_policy_only,02_family_policy_only.csv,40,com.simongellis.vvb,Virtual Virtual Boy,Simon Gellis,https://play.google.com/store/apps/details?id=com.simongellis.vvb&hl=en_US&gl=US,Everyone,,Arcade,GAME_ARCADE,false,true,,10K+,10000.0,336 reviews,336.0,4.0 star,4.0,0.403352263265216,GAME_ARCADE,games,medium,"Virtual Virtual Boy
Virtual Virtual Boy (VVB) is an emulator for the Virtual Boy 3D console. You can use it with a pair of cheap Anaglyph 3D glasses, or with Google Cardboard, to play Virtual Boy games on an Android phone.
Planet Virtual Boy has many free homebrew games available at https://www.virtual-boy.com/homebrew/. The game in the screenshot is Red Square, made by Kresna and Nyrator.
Source available online at https://github.com/SupernaviX/vvb
Disclaimer: This application is not affiliated with Nintendo or Virtual Boy in any way.",https://www.simongellis.com/privacy/vvb.html,simongellis@gmail.com,https://github.com/SupernaviX
known_dataset_200,family_policy_only,02_family_policy_only.csv,41,com.perryoncrack.mcfleshlite,Morse Code Torch,perryOnCrack,https://play.google.com/store/apps/details?id=com.perryoncrack.mcfleshlite&hl=en_US&gl=US,Everyone,,Tools,TOOLS,false,true,,10K+,10000.0,111 reviews,111.0,4.7 star,4.7,0.4030708825499256,TOOLS,others,medium,"google_logo Play
Games
Apps
Movies & TV
Books
Kids
search
help_outline
Morse Code Torch
perryOnCrack
4.7
star
111 reviews
10K+",https://www.perryoncrack.me/legal/mct/privacy.html,perryoncrack@gmail.com,https://perryoncrack.me
known_dataset_200,family_policy_only,02_family_policy_only.csv,42,com.articulationteacher.articulationteacher,Articulation Teacher - Speech,SpeakEasy Community,https://play.google.com/store/apps/details?id=com.articulationteacher.articulationteacher&hl=en_US&gl=US,Everyone,In-App Purchases,Parenting,PARENTING,false,true,In-app purchases,10K+,10000.0,151 reviews,151.0,4.5 star,4.5,0.4030299736105172,PARENTING,others,medium,"Articulation Teacher - Speech
Improve your child's articulation and pronunciation! Brought to you by a Speech Language Pathologist and the creator of the SpeakEasy: Home Speech Therapy app which has accelerated early language development for over 100,000 families.
With Articulation Teacher, you choose specific sounds to work on with your child. You can work on early sounds like D or T, intermediate sounds like G or S, or advanced sounds like L or R.
Articulation Teacher includes at home articulation activities to do with your child outside of the app as well as games to play with your child in the app. All suggestions are evidence-based and research-backed. Let's dive into what each sound set includes:
Games
Our articulation games are best played side by side with your child, but if your child is up for it they can play the games on their own as well. For each sound, we have the following games:
Splat: say the selected word, and have your child splat it from the choices on the screen!
Name It!: our simplest game, this is meant for rapidly trying to say different words using digital flash cards. Swipe to the next word and help your child say it out loud.
Sound Check: look at and listen to each word, and have your child decide whether the word includes the sound you're working on or not.
Space Match: play this out-of-this-world memory game, saying each word as you flip over each card, to work on both articulation and cognitive skills.
Paper Games: print a list of articulation practice words and play these games around your house, bringing articulation practice directly into the world around you.
Home Activities
Each sound has 5 activities to try with your child at home. You can read these activities ahead of time, then do them with your child when you can. We recommend trying to do at least one Home Activity each day, and we encourage repetition as much as possible!
Home Activities that focus on pronunciation and articulation are the most effective way to spend time with your child to work on speech development. We use videos, books, songs, and the world around you to help integrate articulation practice into every day.
What Sounds and Letters Are Included?
In Articulation Teacher, you can work on the following sounds:
Early Sounds: B, P, M, D, T, N, and Vowels
Intermediate Sounds: K, G, W, F, S, SH, and Multisyllabic Words
Advanced Sounds: L, Final -L, R, R Blends, S Blends, and TH
More Features
Each sound also has an intro video that teaches you how the sound is made, as well as a digital and printable cue card which you can use to help remind your child to pronounce a sound. This cue card fits within the cueing hierarchy explained in the intro video. Cues are an essential part of articulation practice that we integrate directly into our games and activities.
Plus, check out developmental milestones to know if your child is on track, and read free learning articles related to articulation development.
Articulation Teacher is also meant to be used by SLPs during their sessions as an aid to articulation practice. Articulation Teacher is not affiliated with Articulation Station.
For more speech and language activities, including learning key language stimulation strategies, try our other app, SpeakEasy: Home Speech Therapy.
Download and become an Articulation Teacher at home today!",https://articulationteacher.com/privacy,articulation@speakeasycommunity.com,https://articulationteacher.com
known_dataset_200,family_policy_only,02_family_policy_only.csv,43,com.operation36.app,Op 36 Golf,"Golf Genius Software, Inc.",https://play.google.com/store/apps/details?id=com.operation36.app&hl=en_US&gl=US,Everyone,Users Interact,Education,EDUCATION,false,true,,10K+,10000.0,149 reviews,149.0,4.5 star,4.5,0.4028582571406554,EDUCATION,others,medium,"Op 36 Golf
Learning to play golf can be an overwhelming and frustrating experience if you don't have a clear plan. Operation 36 provides beginners with the most effective model and technology to learn to play golf. Become a skilled golfer by following a motivating roadmap to shooting Par (36) or better for 9 holes!
There are 525+ Golf Facilities in the Op 36 Network around the world that are centering their programs around the Op 36 format and technology.
Are you a complete beginner?
Have you played golf your whole life and want a better way to improve?
Each facility offers coaching programs to help you become a skilled golfer.
How do I get started?
1. Find an Op 36 training community and enroll in their coaching programs
2. Get your Op 36 invite from your golf professional
3. Begin logging your golf improvement journey and encouraging others at your golf facility!",https://operation36.golf/legal/privacy/,support@op36golf.com,http://operation36.golf/
known_dataset_200,family_policy_only,02_family_policy_only.csv,44,com.arthub.drawtoo,AR Drawing Projector - DrawToo,Art Hub Studio,https://play.google.com/store/apps/details?id=com.arthub.drawtoo&hl=en_US&gl=US,Everyone,In-App Purchases,Art & Design,ART_AND_DESIGN,false,true,Contains ads; In-app purchases,10K+,10000.0,313 reviews,313.0,4.0 star,4.0,0.4024358102709588,ART_AND_DESIGN,others,medium,"AR Drawing Projector - DrawToo
AR drawing tool you must have! Learn to draw step by step with DrawToo – the fun and easy AR drawing experience!
How to draw and improve your skills? Just grab a pencil and paper, pick any of our step‑by‑step drawing tutorials or upload your own image, and let our AR trace projector guide your hand. It overlays the original sketch outlines onto your paper or any other drawing board, making sketching, drawing, and tracing simple and easy. Whether you want to learn to draw from scratch or improve your sketching skills, our AR trace projector is here to help. Learn to draw the easy way!
300+ AR DRAWING TUTORIALS
Learn to draw and practice sketching using 300+ AR drawing tutorials inside our AR Drawing app! Simply choose a sketch and select your preferred mode:
1. AR drawing: draw with camera or,
2. Step by Step drawing - follow and trace line by line on paper as shown in the drawing tutorial.
Pick your drawing style you like and start sketching! Practice drawing with over 300+ step by step drawing tutorials and illustrations. Become a real artist!
AR DRAWING
Experience the magic of AR drawing with our built-in AR trace projector. Point your camera at the paper and overlay the sketch to trace with ease. Adjust the opacity to suit your style and lighting. Use the record option to capture your drawing process for sharing or review. our smart AR drawing mode helps bring your sketches to life - right on paper!
PRO TIP: For the best trace drawing experience, stabilize your device using a cup or tripod.
PHOTO DRAWING
Want to learn how to draw an image from your phone? Turn your photos into art with DrawToo’s Photo Drawing Tool! Photo Drawing Tool allows you to upload any image from your gallery, and our AR Drawing feature will project it onto your camera view for precise tracing. You can also take a photo instantly - it shows up right away for you to draw and trace. Learn to draw photos and images you want!
PORTRAIT ART
Portrait Art is a special feature for portrait lovers. Upload a selfie, and it will be projected for AR drawing. Plus, with AI image generation support, you can transform your selfie into various artistic styles — from Ghibli and anime to caricature, game art, comic, cartoon, and more. Explore endless creative possibilities as your portrait comes to life in unique styles, ready to trace and draw on paper!
DRAW WITH AI
Draw with AI – turn your ideas into art! Just enter any prompt and choose your preferred style: sketch, Ghibli, pixel, watercolor, anime, cartoon, or others. How to draw a puppy landing on the moon or how to draw an anime girl with glowing eyes? It's all possible with the DrawToo AI Drawing Tool. Let your imagination run wild and start tracing your own AI-generated masterpiece!
DrawToo - Learn to draw in just 2 weeks!
⭐ 300+ AR drawing tutorials
⭐ 200+ videos and drawing lessons
⭐ 30+ categories and techniques
⭐ Step by Step drawing helper
⭐ Photo Drawing Mode
⭐ Drawing Pad for free sketching
⭐ Inspiring music playlist
⭐ DrawToo Competition - Sketch on paper & share
⭐ AI Drawing app made by real artists
⭐ Learn to draw anime, animals, cartoons...
⭐ For all ages! Draw it!
DISCLAIMER:
All images are used under Creative Commons License and credited to their owners. Use of names or trademarks does not imply endorsement. All drawing lessons inside the app are created by DrawToo artists.
DRAW. SKETCH. ENJOY
Our AR drawing app has it all: from tracing on paper with the AR trace projector to creating AI illustrations with the AI Drawing Generator. Learn to draw anime, cartoons, animals from scratch, or turn any photo into a sketch.
Learn to draw and have fun on the way!
Contact: support@drawtoo.com
Privacy Policy - https://drawtoo.com/privacy-policy/
Terms of Conditions - https://drawtoo.com/terms-and-conditions/",https://drawtoo.com/privacy-policy/,drawtoo@arthub-apps.com,https://drawtoo.com/
known_dataset_200,family_policy_only,02_family_policy_only.csv,45,com.crazyhappygame.christmastree,Christmas Tree puzzle,CrazyHappyGame,https://play.google.com/store/apps/details?id=com.crazyhappygame.christmastree&hl=en_US&gl=US,Everyone,,Educational,GAME_EDUCATIONAL,false,true,Contains ads,10K+,10000.0,66 reviews,66.0,5.0 star,5.0,0.402409690753433,GAME_EDUCATIONAL,games,medium,"Christmas Tree puzzle
Do not wait for Christmas and snow, garnish your Christmas tree today! Do it with great class using the head of his great while having fun. You do not even notice when you run out long winter evenings and the flowers bloom. Spend the winter with intelligent puzzle, at which you will relax and forget about everyday worries.
Let us be your Santa Claus and receive our gift!
We put in your hands crisp, fragrant Christmas app Christmas Tree dedicated to the subject of Christmas. Whoever said that Christmas is boring was not in the hands of either the tablet or smartphone with our game. Anyway, only the bored, who can not find a activities, in fact, have installed our game Christmas Tree bore no way. What's more, playing our game we guarantee you that this is not wasted time. Each new board is a new challenge, with each step increases the difficulty of developing your intellect, and teaching you innovative approach to problems. This is an excellent entertainment and a fantastic workout while your mind and test intelligence. And although the level increases also increases the appetite for further conquests, by which the game is addictive and meets the expectations of the most ambitious players.
If you are looking for an unusual puzzle difficulty: it is found. The Christmas Tree we have three modules:
- The first Christmas Tree - Christmas truly outstanding graphics, where Christmas bulb connected by a beautiful starry chain. Each of the maps is closed in the shape of a green merry Christmas tree. Check out what the tree might surprise you
- The second game - a combination of carefully selected constellation of bubbles Christmas, 4 levels of initiation, and each of 20 boards of varying difficulty - if that is not enough, tell us about it, and certainly raise the bar even higher for you
- The third Time Master - check your intelligence and reflexes - in this module you will be able to check whether you solve the puzzles as fast or faster than your friends with Google or other users of the application
So, if you're looking for new challenges, you do not want pointless to click as is the case in most games and you want through play to develop your intelligence begin to play puzzle game Christmas Tree. Challenge yourself in the Christmas atmosphere and forget for a moment about the obligations, the holidays just around the corner !!!
We wish you a merry and relaxed Christmas,
- Team Christmas Tree
Specifications:
How to play? - The game is based on running chain between two balls, so to go through each line.
Features:
- Draw a stroke
- Multi edges
- Directed graph
- Undirected graph
- Euler graph and cycle
- Seven Bridges of KÃ¶nigsberg
Facebook:
https://www.facebook.com/CHGStudio/
Twitter:
https://twitter.com/crazyhappygame
Instagram:
https://www.instagram.com/crazyhappygame",http://crazyhappygame.github.io/privacy-policy.html,crazyhappygame@gmail.com,
known_dataset_200,family_policy_only,02_family_policy_only.csv,46,ai.emvi.vip,Emvi,EMVI.ai,https://play.google.com/store/apps/details?id=ai.emvi.vip&hl=en_US&gl=US,Everyone,,Productivity,PRODUCTIVITY,false,true,In-app purchases,1K+,1000.0,,,,,0.1809071120322772,PRODUCTIVITY,others,low,"Emvi
EMVI stands as a pioneering mobile scene description app, developed collaboratively with the blind and low vision community. With its fully voice-operated interface, navigating the application becomes effortlessly intuitive.
Request EMVI to capture an image, and from there, explore limitless possibilities. Whether seeking descriptions, translations, or insights into your environment, EMVI empowers users with a comprehensive suite of functionalities.
Transforming any smartphone into a formidable assistive tool, EMVI fosters independence and enhances quality of life. Its capabilities encompass:
- Describing surroundings
- Reading, summarizing, and translating various texts, be they printed or handwritten
- Detecting obstacles and potential hazards
- Locating objects
- Interpreting art
- Analyzing images from messaging platforms like WhatsApp
The breadth of EMVI's capabilities knows no bounds—whatever the need, EMVI rises to the occasion, ensuring a more inclusive and enriched experience for all users.",https://emvi.ai/privacy,info@emvi.ai,https://www.emvi.ai
known_dataset_200,family_policy_only,02_family_policy_only.csv,47,ai.getkaleo.mobile,Kaleo AI,EID Systems Inc.,https://play.google.com/store/apps/details?id=ai.getkaleo.mobile&hl=en_US&gl=US,Everyone,,Tools,TOOLS,false,true,,1K+,1000.0,,,,,0.1809071120322772,TOOLS,others,low,"Kaleo AI
Access live captions and translations for church services directly on your device. Kaleo AI ensures clear communication and understanding during worship, regardless of language or hearing needs.
Who Benefits:
- Multilingual Attendees: Read sermon captions in your preferred language while listening in the original language, bridging communication gaps in diverse congregations.
- Hearing Impaired Community: Follow services through live captions displayed on your device or transmitted directly to compatible Bluetooth hearing aids.
- General Accessibility: Enhance focus and comprehension by reading along with spoken content during services.
Core Features:
- Live Caption Display: Real-time, accurate transcription of spoken content
- Multi-Language Translation: Instant translation to your selected language
- Hearing Aid Compatibility: Direct Bluetooth transmission to compatible devices
- Customizable Interface: Adjustable text size and light/dark mode options
- Church Integration: Connect via church name search or QR code scanning
Find your church, connect to their service, and start receiving captions instantly. No complex configuration required.
Kaleo AI removes communication barriers in worship settings, ensuring accessibility and understanding for all congregants.
Note: this app requires your church to be subscribed to our live captions service which broadcasts captions and translations to your device.",https://withkaleo.com/privacy-policy,info@withkaleo.com,https://withkaleo.com
known_dataset_200,family_policy_only,02_family_policy_only.csv,48,air.com.miracle.storieschildmind,Stories of childhood,Jabir Ali,https://play.google.com/store/apps/details?id=air.com.miracle.storieschildmind&hl=en_US&gl=US,Everyone,In-App Purchases,Books & Reference,BOOKS_AND_REFERENCE,false,true,Contains ads; In-app purchases,1K+,1000.0,,,,,0.1809071120322772,BOOKS_AND_REFERENCE,others,low,"Stories of childhood
""Bal Man Ki Kahaniyan"" - A Collection of Moral Stories for Kids
Presenting ""Bal Man Ki Kahaniyan"" - a unique app featuring 20 entertaining and educational stories for children in Hindi!
Key Features:
✔ Full Audio Support - Tap any page/paragraph to listen
✔ Professional Narration - Voiced by Jaya Choudhary
✔ Child-Friendly Interface - Colorful & easy navigation
✔ Value-Based Content - Teaches moral lessons
Stories by renowned author Dr. Zakir Ali 'Rajnish' (author of 60+ books) include:
🟠 T for Teacher
🟠 Ek Thi Himi
🟠 Anokha Uphaar
🟠 Azaadi Ka Sukh
🟠 Plus 16+ other engaging tales
Why Parents Love This App:
🔴 Develops language skills
🔴 Teaches moral values
🔴 Encourages reading habits
🔴 Perfect for parent-child bonding
Download now for the perfect blend of education and entertainment!",https://jabirapps.blogspot.com/p/privacy-policy-for-app-stories-of.html,jabirraju@gmail.com,https://jabirapps.blogspot.com
known_dataset_200,family_policy_only,02_family_policy_only.csv,49,air.com.musycom.DrumsSightReadingPRO,Drums Sheet Reading PRO,Musycom Apps,https://play.google.com/store/apps/details?id=air.com.musycom.DrumsSightReadingPRO&hl=en_US&gl=US,Everyone,,Music & Audio,MUSIC_AND_AUDIO,false,true,,1K+,1000.0,,,,,0.1809071120322772,MUSIC_AND_AUDIO,others,low,"Drums Sheet Reading PRO
This is the ad-free version.
It includes:
The DRUM SET NOTES Section on which you can click notes on the staff to see the corresponding part of the Drum Set and its name, or viceversa: you can click any part of the Drum Set to see the corresponding note on the staff.
This section has exercises on which notes appear on the staff and you have to click the part of Drum Set corresponding to each particular note.
LESSONS Section (Seventy lessons):
These lessons show the way in which the Drum Set is written in different styles of contemporary music.
- Rock Pop
- Blues Rock
- Jazz
- Funk
- Latin Music
- Fusion
On each lesson you will see a sheet music and you will listen what is written on it. You will see animations of the beats, the notes on the staff and the parts of the Drum Set. This allows you to relate what is written on a score with that which is played on the Drum Set.
By clicking the ""a"" button you will listen all the instruments. By clicking the ""b"" button you will only listen the Drum Set. You can click on the bar from which you want to repeat.
QUIZZES Section (Seventy quizzes):
Each Quiz is related to a lesson. There are no more animations of the beats, of the notes on the staff, nor the parts of the Drum Set.
You have to click on a button at the moment when you hear each one of the notes marked in red on a sheet music.
DRUMS SIGHT READING EXERCISES (20 exercises):
These exercises will help you develop the ability to relate that which is written in a piece of sheet music with the parts of the Drum Set, in real time.
When the exercise begins you have to click on each part of the Drum Set that corresponds to that which is written. This has to be done at first sight in real time.
In the same way as reading piano music, flute music, violin music or guitar music, all require practice; reading drums becomes easier if you practice it on a daily basis.
Knowing how to read music is very useful if you get drum lessons. Being able to understand a music score helps you to get a better understanding of any type of drum beats. Practicing is the key and this app has been created to let you practice reading drums sheet music when you don´t have your drum set. Music notation for electronic drum set is the same.
Just as a piano player becomes better if he practices reading piano sheet music, a drummer becomes better if he practices reading drum sheet music.
Eligible for Family Library
Learn more",https://www.privacypolicies.com/live/209ea210-c5a9-478e-8a50-b72ff7c10c77,contacto@musycom.com,http://www.musycom.com
known_dataset_200,family_policy_only,02_family_policy_only.csv,50,air.com.yeam.storien,STORiEN Series,ZooZooEnglish,https://play.google.com/store/apps/details?id=air.com.yeam.storien&hl=en_US&gl=US,Everyone,Digital Purchases,Education,EDUCATION,false,true,,1K+,1000.0,,,,,0.1809071120322772,EDUCATION,others,low,"STORiEN Series
child bored in the car,
A child who keeps asking for only a cell phone,
A child learning English for the first time
If you don't know what to show, Story N!
Enjoy a variety of genres of music, from interesting stories and trendy EDM to grand sounding musicals.
Enjoy.
Gorgeous paintings by famous overseas artists, interesting topics suitable for all ages, and even learning phonics while playing! read the story
You can enjoy a total of 24 songs based on the story along with cute animations.
+ Step-by-step story
- Toddler for imaginative 4 year olds
- Step1 for 5-year-olds learning the joy of cooperation
- Step2 for curious 6-year-olds
- Step3 for 7-year-olds who want to become heroes
- Plus, a total of 24 different songs (3 songs in each stage)
+ Screen configuration like reading an actual book
+ Effect of using chatter pen without chatter pen (voice pen)
+ Easy-to-use interface for children: Auto-play with Auto-play function
+ You can continue to use it with just one download without worrying about data
+ No need to worry about ads or harmful content!
Information on access rights
When using the app service in compliance with Article 22-2 (consent to access rights) of the Information and Communications Network Act that came into force on March 23, 2017
The necessary access rights are provided below.
- Each permission is requested to activate the function when using the app rather than collecting your detailed personal information.
- In the case of selective access, you can use the app even if you do not agree to the permission.
[Required access rights]
Device and App History: Access to check the app status (version).
Communication history and WIFI connection information: When first launched, check the optimization of app use and network connection.
[How to revoke access rights]
- Android 6.0 or later: Settings > Apps > Select permission items > Permission list > Select consent or withdraw access permission
- Under Android 6.0: Upgrade the operating system to revoke access or delete the app
- In the case of Android versions below 6.0, individual consent is not possible, so for all items
Required access consent is obtained, and access can be revoked in the above way.
[ Customer Center Information ]
- Developer email: newbienhouse@gmail.com
- Customer Center: 031-955-0505 (Weekdays 9:00 to 18:00 / 12:40 to 1:40 excluding lunch time)
Privacy Policy: http://www.yeam.co.kr/sub_html/privacy/popup.htm",http://www.yeam.co.kr/sub_html/privacy/popup.htm,newbienhouse@gmail.com,
known_dataset_200,regular_everyone,03_regular_everyone.csv,51,com.whatsapp,WhatsApp Messenger,WhatsApp LLC,https://play.google.com/store/apps/details?id=com.whatsapp&hl=en_US&gl=US,Everyone,Users Interact,Communication,COMMUNICATION,false,false,In-app purchases,10B+,10000000000.0,237M reviews,237000000.0,4.7 star,4.7,0.994,COMMUNICATION,social_apps,high,"WhatsApp Messenger
WhatsApp from Meta is a FREE messaging and video calling app. It’s used by over 2B people in more than 180 countries. It’s simple, reliable, and private, so you can easily keep in touch with your friends and family. WhatsApp works across mobile and desktop even on slow connections, with no subscription fees*.
Private messaging across the world
Your personal messages and calls to friends and family are end-to-end encrypted. No one outside of your chats, not even WhatsApp, can read or listen to them.
Simple and secure connections, right away
All you need is your phone number, no user names or logins. You can quickly view your contacts who are on WhatsApp and start messaging.
High quality voice and video calls
Make secure video and voice calls with up to 32 people for free*. Your calls work across mobile devices using your phone’s Internet service, even on slow connections.
Group chats to keep you in contact
Stay in touch with your friends and family. End-to-end encrypted group chats let you share messages, photos, videos and documents across mobile and desktop.
Stay connected in real time
Share your location with only those in your individual or group chat, and stop sharing at any time. Or record a voice message to connect quickly.
Share daily moments through Status
Status allows you to share text, photos, video and GIF updates that disappear after 24 hours. You can choose to share status posts with all your contacts or just selected ones.
Use WhatsApp on your Wear OS watch to continue conversations, reply to messages, and take calls - all from your wrist. And, leverage tiles and complications to easily access your chats and send voice messages.
*In some regions, WhatsApp uses SMS verification to authenticate your phone number and secure transactions.
*Data charges may apply. Contact your provider for details.
______________________________________________________________
If you have any feedback or questions, please go to WhatsApp > Settings > Help > Contact Us.
Terms of Service: https://www.whatsapp.com/legal/terms-of-service
Learn more about messaging privately: https://www.whatsapp.com/privacy
Learn more about WhatsApp safety: https://www.whatsapp.com/security",https://www.whatsapp.com/legal/privacy-policy,android@support.whatsapp.com,http://www.whatsapp.com/
known_dataset_200,regular_everyone,03_regular_everyone.csv,52,com.google.android.apps.photos,Google Photos,Google LLC,https://play.google.com/store/apps/details?id=com.google.android.apps.photos&hl=en_US&gl=US,Everyone,"Users Interact, In-App Purchases",Photography,PHOTOGRAPHY,false,false,,10B+,10000000000.0,53.7M reviews,53700000.0,4.4 star,4.4,0.9687524349605774,PHOTOGRAPHY,others,high,"Google Photos
Google Photos is the home for all your photos and videos. Easily store, edit, organize, and search your memories with the help of Google AI.
• 15 GB OF CLOUD STORAGE: Every Google account gets up to 15 GB of storage*, 3X more than many other cloud storage services. So you can back up and keep your memories safe automatically on all of your devices.
• AI-POWERED EDITING TOOLS: Make complex edits in just a few taps. Remove unwanted distractions with Magic Eraser. Improve out-of-focus blurry photos with Unblur. Enhance lighting and brightness with Portrait Light.
• SEARCH MADE SIMPLE: Your photos are easily searchable in a natural, descriptive way, like “Alice and me laughing,” “Kayaking on a lake surrounded by mountains” or “Emma painting in the backyard.”
• EASY ORGANIZATION: Google Photos helps declutter your gallery by automatically organizing duplicates and similar photos into photo stacks. It also offers smart, intuitive folders for screenshots, documents, custom albums and daily camera roll organization, making your gallery feel orderly and personalized. You can even save sensitive photos and videos to a locked folder protected by your device screen lock.
• RELIVE AND SHARE YOUR FAVORITE MEMORIES: Stroll down memory lane right in Google Photos. Share photos, videos, and albums with any of your contacts — even if they don't use Google Photos.
• YOUR MEMORIES ARE SAFE: Your photos and videos are safe and secure from the instant you store them, protected by our advanced security infrastructure while in storage or when you share them.
• ALL YOUR MEMORIES IN ONE PLACE: With backup on, you can easily transfer your photos from other apps, galleries and devices, so all of your content is in one place.
• FREE UP SPACE: Never worry about running out of space on your phone again. Photos that are backed up in Google Photos can be removed from your device’s storage in just a tap.
• PRINT YOUR FAVORITE MOMENTS:
From your phone, to your home. Turn your favorite memories into photo books, photo prints, canvas wall art and more. Price varies by product. Printing services available in the US, EU, UK, and CA only.
• GOOGLE LENS: Search what you see. This preview enables you to identify text and objects in your photos to learn more and take action.
Google Privacy Policy: https://google.com/intl/en_US/policies/privacy
* Google Account storage is shared across Google Photos, Gmail, and Google Drive. In some countries, every account gets 5 GB of storage with the option to unlock an additional 10 GB by adding a phone number.",http://www.google.com/policies/privacy,apps-help@google.com,https://support.google.com/photos
known_dataset_200,regular_everyone,03_regular_everyone.csv,53,com.google.android.gms,Google Play services,Google LLC,https://play.google.com/store/apps/details?id=com.google.android.gms&hl=en_US&gl=US,Everyone,"Shares Info, Shares Location",Tools,TOOLS,false,false,,10B+,10000000000.0,44.6M reviews,44600000.0,4.3 star,4.3,0.964345215603411,TOOLS,others,high,"Google Play services
Google Play services is used to update Google apps and apps from Google Play.
This component provides core functionality like authentication to your Google services, synchronized contacts, access to all the latest user privacy settings, and higher quality, lower-powered location based services.
Google Play services also enhances your app experience. It speeds up offline searches, provides more immersive maps, and improves gaming experiences.
Apps may not work if you uninstall Google Play services.",http://www.google.com/policies/privacy,apps-help@google.com,https://developers.google.com/android/google-play-services/
known_dataset_200,regular_everyone,03_regular_everyone.csv,54,com.google.android.apps.docs,Google Drive,Google LLC,https://play.google.com/store/apps/details?id=com.google.android.apps.docs&hl=en_US&gl=US,Everyone,"Users Interact, Digital Purchases",Productivity,PRODUCTIVITY,false,false,In-app purchases,10B+,10000000000.0,10.8M reviews,10800000.0,4.3 star,4.3,0.9459592579850858,PRODUCTIVITY,others,high,"Google Drive
Google Drive lets you securely store, intelligently organize and collaborate on files and folders from anywhere, on any device.
With Drive, you can:
• Safely store and access your files anywhere
• Edit and store 100+ file types, including PDFs, Office files, videos and more
• Scan and upload paper documents using your device’s camera
• Quickly access recent and important files
• Search for files by name and content
• Filter files by type, last modified date and more
• Share and set permissions for files and folders
• View your content on the go while offline
• Receive notifications about important activity on your files
• View files more easily on Android tablets with side by side view, drag and drop functionality and more
Google Workspace subscribers have access to additional Drive functionality, including:
• Using AI to summarize information, retrieve quick facts, and surface insights from your files
• Security and management controls for admins to help meet data compliance needs
• Sharing files and folders directly with groups or teams within your organization
• Creating a shared drive to store all of your team’s content
• Requesting electronic signatures and manage vendor agreements, customer contracts, and more
Learn more about Drive in Google Workspace: https://workspace.google.com/products/drive/
Learn more about Google Apps update policy: https://support.google.com/a/answer/6288871
Google accounts get 15GB of storage, shared across Google Drive, Gmail, and Google Photos. For additional storage, you can upgrade to Google One as an in-app purchase. In the US, subscriptions start at $1.99/month for 100 GB with Google One. Plans and prices can vary by region.
Google Privacy Policy: https://www.google.com/intl/en_US/policies/privacy
Google Drive Terms of Service: https://www.google.com/drive/terms-of-service
Follow us for more:
X: https://x.com/googleworkspace and https://x.com/googledrive
LinkedIn: https://www.linkedin.com/showcase/googleworkspace
Facebook: https://www.facebook.com/googleworkspace/",http://www.google.com/policies/privacy,apps-help@google.com,https://support.google.com/drive/?p=android_drive_help
known_dataset_200,regular_everyone,03_regular_everyone.csv,55,com.google.android.projection.gearhead,Android Auto,Google LLC,https://play.google.com/store/apps/details?id=com.google.android.projection.gearhead&hl=en_US&gl=US,Everyone,,Auto & Vehicles,AUTO_AND_VEHICLES,false,false,,10B+,10000000000.0,6.05M reviews,6050000.0,4.1 star,4.1,0.9344465442052278,AUTO_AND_VEHICLES,others,high,"Android Auto
Android Auto is your smart driving companion that helps you stay focused, connected, and entertained with the Google Assistant. With a simplified interface, large buttons, and powerful voice actions, Android Auto is designed to make it easier to use apps that you love from your phone while you’re on the road.
Just say “Ok Google” to...
• Route to your next destination using Google Maps or Waze with real-time GPS navigation and traffic alerts.
• Get updates on your route, ETA, and hazards in real-time.
• Have the Google Assistant check your calendar for you so you know where you need to be.
• Set reminders, get updates on the news, and check last night’s score.
• Avoid distractions while driving by setting a custom do not disturb message while driving.
• Make calls using Google Assistant and answer incoming calls with just a tap.
• Access your contacts folder and send and receive messages with the Google Assistant using SMS, Hangouts, WhatsApp, Skype, Telegram, WeChat, Kik, Google Allo, and many more messaging apps.
• Manage your infotainment system like never before. Listen to your favorite media apps including Spotify, Pandora, iHeartRadio, Google Play Music, Amazon Music, SiriusXM, TIDAL - High Fidelity Music Streaming, Napster Music, and Deezer. Many more music, radio, news, sports news, audiobook, and podcast apps are also supported.
The number of compatible apps is always growing! For a full list of compatible apps, go to http://g.co/androidauto
To use Android Auto, you’ll need a phone running Android 6.0 or higher and an active data connection.
Over 400 car models now support Android Auto! To find out if your car display is compatible and how to enable it, check your owner’s manual or contact your car’s manufacturer. Once enabled, use a high quality USB cable to connect your phone to your car, then launch Android Auto to get going!
Learn more about Android Auto and compatible cars at http://android.com/auto
For support: http://support.google.com/androidauto
Get help from our community: https://productforums.google.com/forum/#!forum/android-auto",http://www.google.com/policies/privacy,android-auto-app@google.com,http://www.android.com/auto
known_dataset_200,regular_everyone,03_regular_everyone.csv,56,com.google.android.apps.maps,Google Maps,Google LLC,https://play.google.com/store/apps/details?id=com.google.android.apps.maps&hl=en_US&gl=US,Everyone,Users Interact,Travel & Local,TRAVEL_AND_LOCAL,false,false,Contains ads,10B+,10000000000.0,19.4M reviews,19400000.0,3.2 star,3.2,0.9315528579970394,TRAVEL_AND_LOCAL,others,high,"Google Maps
Explore and navigate the world with confidence using Google Maps. Find the best routes with live traffic data and real-time GPS navigation for driving, walking, cycling, and public transport. Discover over 250 million businesses and places - from restaurants and shops to everyday essentials – with photos, reviews, and helpful information.
Navigate the world, the way you want:
• Get to where you need to go with fuel-efficient route options
• Find the best route with real-time, turn-by-turn voice, and on screen navigation
• Save time with automatic rerouting based on live traffic, incidents, and road closures
• Catch the bus, train, and ride-share effortlessly, with real-time updates
• Find bike or scooter rentals to get around more easily
Plan trips and experiences effortlessly:
• Preview an area before you go (e.g. parking, entrances) with Street View
• Use Immersive View to experience what landmarks, parks and routes look like, and even check the weather so you can be ready in advance
• Create custom lists of your favorite saved places and share with others
• Order delivery and takeout, make reservations, and book hotels
• Don't get lost with offline maps in an area with bad signal
• Search for local places and things to do, and decide based on user reviews and photos
Discover and explore like a local:
• Explore with confidence knowing 500 million users contribute and keep the map up to date each year
• Avoid the crowds by seeing how busy a place is before you get there
• Use Lens in Maps to see walking directions overlaid on the real world
• Filter restaurants by cuisine, hours, price, rating and more
• Ask questions about a place, from dishes to parking, and get quick answers
Add tiles and complications to your Wear OS device to quickly search and navigate.
Some features not available in all countries or cities
Navigation isn't intended to be used by oversized or emergency vehicles",http://www.google.com/policies/privacy,apps-help@google.com,http://maps.google.com/about/
known_dataset_200,regular_everyone,03_regular_everyone.csv,57,com.miniclip.eightballpool,8 Ball Pool,Miniclip.com,https://play.google.com/store/apps/details?id=com.miniclip.eightballpool&hl=en_US&gl=US,Everyone,"Users Interact, In-Game Purchases (Includes Random Items)",Sports,GAME_SPORTS,false,false,Contains ads; In-app purchases,1B+,1000000000.0,31.4M reviews,31400000.0,4.8 star,4.8,0.9027782442427338,GAME_SPORTS,games,high,"8 Ball Pool
Do you want to play in the world of pool games? 8 Ball Pool is an addictive challenging game based on real 3D pool games, where you will challenge your friends online. Become a master of the pool!
The balls game is easy to win. You just have to select the table and get ready. Join us and challenge your friends to this ball game in PvP mode. Use your pool strategy with the cue wisely in this online multiplayer ball game as every round will be more difficult after each level. You can play in multiplayer or PvP mode in different pool tables. Become the best player and challenge your friends in this pool game.
You can play pool in multiplayer or PvP mode using different balls and table types. 8 Ball Pool is designed to help your intelligence. You will improve the aim when shooting balls with the cue.
CHALLENGE YOUR FRIENDS
Playing pool in multiplayer tournaments with friends is easy: Sign in for free with your Miniclip or Facebook account and you’ll be able to challenge your friends straight from this multiplayer 8 ball game. Challenge friends to a PvP pool match on the go. Aim and shoot your best balls with a customized cue in our online 3D PvP tournament!
PLAY FOR COINS AND WIN EXCLUSIVE ITEMS
Customize your cue and pool table! In every competitive PvP match you play in our league, there’ll be Coins at stake – win the match and the Coins are yours. You can also buy new items in the Pool Shop. Compete in our 3D multiplayer league and become a master of 8 balls in 3D!
The 8 Ball level system means you’re always facing challenging players in the 8 ball league. Play multiplayer 8 Ball Pool to increase your ranking in our pool league and get access to more exclusive 8 Ball Pool match locations, where you play and compete against the best online pool players. 8 Ball Pool has different match levels: It doesn't matter if you're an amateur or a pro player, take your chance in our PvP competitions with your friends and other players and win the pool challenge: Aim with the cue and prove your skills in this free 8 ball online tournament.
*This 8 Ball Pool game requires internet connection.
This game includes optional in-game purchases (includes random items).
Play on the Web at miniclip.com/pool
TERMS AND CONDITIONS: http://www.miniclip.com/terms-and-conditions
PRIVACY POLICY: http://www.miniclip.com/privacy
------------------------------------
Miniclip: http://www.miniclip.com
Like 8 Ball Pool: http://on.fb.me/Wx4f23
Facebook: http://facebook.com/miniclip
Twitter: http://twitter.com/miniclip",https://www.miniclip.com/privacy-policy,support@miniclip.com,https://www.miniclip.com/
known_dataset_200,regular_everyone,03_regular_everyone.csv,58,com.king.candycrushsaga,Candy Crush Saga,King,https://play.google.com/store/apps/details?id=com.king.candycrushsaga&hl=en_US&gl=US,Everyone,In-Game Purchases,Puzzle,GAME_PUZZLE,false,false,Contains ads; In-app purchases,1B+,1000000000.0,38.9M reviews,38900000.0,4.6 star,4.6,0.9015550426228848,GAME_CASUAL,games,high,"Candy Crush Saga
Candy Crush Saga is a bright, feel-good matching escape packed with colorful surprises, satisfying combos, and sweet moments of progress. Dive into a world of candy-coated challenges where every move can spark a delicious chain reaction. From quick relaxing breaks to longer play sessions, this playful puzzle adventure turns simple match 3 into pure fun.
🍬 Why players keep coming back
Thousands of levels, creative obstacles, and candy-filled charm make every session easy to start and hard to put down. Each puzzle adds fresh twists, from Clear the Jelly to Rainbow Rapids, with jelly, chocolate, and other sweet blockers keeping the adventure lively while the fun stays light and accessible.
🍭 What you can enjoy
• Explore match 3 games filled with exciting combos, rewarding clears, and colorful surprises
• Take on a match 3 puzzle with Color Bomb, Lollipop Hammer, and Jelly Fish boosters
• Enjoy matching games that are easy to learn, satisfying to master, and full of fun twists
• Use special candies and power-ups to solve each puzzle in delicious ways
🚗 Play anywhere
Candy Crush Saga fits quick sessions and longer play whenever you want a fun escape. This matching adventure feels smooth at home or on the go, with flexible play that suits every mood. Offline support lets you keep crushing through levels without missing the fun, and for anyone looking for an offline game, that makes every session easy to enjoy.
🍫 More sweet reasons to play
Daily rewards, limited-time events, and regular updates keep the experience fresh. Whether you love puzzle games with a relaxed rhythm or want a match 3 game that becomes more challenging over time, Candy Crush Saga keeps the adventure going with new levels, helpful boosters, and classic King charm.
Looking for more brain-teasing fun? Try Candy Crush Soda Saga or Farm Heroes Saga for fresh twists on classic match 3 puzzle play. Or dive into sweet solitaire action with Candy Crush Solitaire.
✨ Frequently asked questions
What kind of game is Candy Crush Saga? Candy Crush Saga is one of the most popular match 3 games, blending bright visuals, clever matching, and rewarding progression.
Can I play without wifi? Yes, many levels support offline play, so it works well as part of your offline routine.
Is it good for solo play? Yes, it is a single player game that you can enjoy at your own pace.
🍀 Start your candy adventure
Jump in, match your way through delicious levels, discover sweet surprises, and see why Candy Crush Saga remains a favorite for puzzle fans around the world.
Candy Crush Saga is free to play, but optional in-game items require payment. You can turn off the payment feature in your device’s settings.
By downloading Candy Crush Saga, you agree to our terms of service at https://king.com/termsAndConditions.
Do Not Sell My Data: King shares your personal information with advertising partners to personalize ads. Learn more at https://king.com/privacyPolicy.",https://king.com/privacyPolicy,candycrush.techhelp@king.com,http://candycrushsaga.com
known_dataset_200,regular_everyone,03_regular_everyone.csv,59,com.mxtech.videoplayer.ad,MX Player,Amazon Mobile LLC,https://play.google.com/store/apps/details?id=com.mxtech.videoplayer.ad&hl=en_US&gl=US,Everyone,,Video Players & Editors,VIDEO_PLAYERS,false,false,Contains ads; In-app purchases,1B+,1000000000.0,14.1M reviews,14100000.0,4.2 star,4.2,0.8803985138912716,VIDEO_PLAYERS,others,high,"MX Player
Powerful video and music player with advanced hardware acceleration and subtitle supports
a) HARDWARE ACCELERATION - Hardware acceleration can be applied to more videos with the help of new HW+ decoder.
b) MULTI-CORE DECODING - MX Player is the first Android video player which supports multi-core decoding. Test results proved that multi-core device's performance is up to 70% better than single-core devices.
c) PINCH TO ZOOM, ZOOM AND PAN - Easily zoom in and out by pinching and swiping across the screen. Zoom and Pan are also available by option.
d) SUBTITLE GESTURES - Scroll forward/backward to move to next/previous text, Up/down to move text up and down, Zoom in/out to change text size.
e) Privacy Folder - Hide your secret videos to your private folder and protect your privacy.
f) KIDS LOCK - Keep your kids entertained without having to worry that they can make calls or touch other apps.
Subtitle formats:
- DVD, DVB, SSA/*ASS* subtitle tracks.
- SubStation Alpha(.ssa/.*ass*) with full styling.
- SAMI(.smi) with Ruby tag support.
- SubRip(.srt)
- MicroDVD(.sub)
- VobSub(.sub/.idx)
- SubViewer2.0(.sub)
- MPL2(.mpl)
- TMPlayer(.txt)
- Teletext
- PJS(.pjs)
- WebVTT(.vtt)
******
Permission Details:
–––––––––––––––––––
* ""READ_EXTERNAL_STORAGE"" is required to read your media files in your primary & secondary storages.
* ""WRITE_EXTERNAL_STORAGE"" is required to rename or delete files and to store the downloaded subtitles.
* ""LOCATION"" permission is required to help find nearby friends.
* ""NETWORK"" and ""WIFI"" permissions are required to get the network status which is required for various activities like license checking, update checking etc.
* ""BLUETOOTH"" permission is required in order to improve AV sync when the Bluetooth headset is connected.
* ""CAMERA"" permission is required to scan QR code.
* ""INTERNET"" is required to play internet streams.
* ""VIBRATE"" is required to control the vibration feedback.
* ""WAKE_LOCK"" is required to prevent your phone from sleeping while watching any video.
* ""KILL_BACKGROUND_PROCESSES"" is required to stop the MX Player services used in background play.
* ""DISABLE_KEYGUARD"" is required to temporarily prevent secure screen lock when Kids Lock is used.
* ""SYSTEM_ALERT_WINDOW"" is required to block some keys when Kids Lock is used.
* ""DRAW OVER OTHER APPS"" is required to block system buttons when input blocking is activated on the playback screen.
******
If you are facing ""package file is invalid"" error, please install it again from product home page (https://mx.j2inter.com/download)
******
If you have any questions, please visit our Facebook Page or XDA MX Player forum.
https://www.facebook.com/MXPlayer
http://forum.xda-developers.com/apps/mx-player
Some of the screens are from the Elephants Dreams licensed under the Creative Commons Attribution 2.5.
(c) copyright 2006, Blender Foundation / Netherlands Media Art Institute / www.elephantsdream.org
Some of the screens are from the Big Buck Bunny licensed under the Creative Commons Attribution 3.0 Unported.
(c) copyright 2008, Blender Foundation / www.bigbuckbunny.org",https://mx.j2inter.com/about/privacy-policy,support@mxplayer.in,http://apps.mxplayer.in/
known_dataset_200,regular_everyone,03_regular_everyone.csv,60,com.outfit7.mytalkingangelafree,My Talking Angela,Outfit7 Limited,https://play.google.com/store/apps/details?id=com.outfit7.mytalkingangelafree&hl=en_US&gl=US,Everyone,Comic Mischief,Simulation,GAME_SIMULATION,false,false,Contains ads; In-app purchases,1B+,1000000000.0,14M reviews,14000000.0,4.1 star,4.1,0.8783062401706548,GAME_CASUAL,games,high,"google_logo Play
Games
Apps
Movies & TV
Books
Kids
search
help_outline
My Talking Angela
Outfit7 Limited
Contains adsIn-app purchases
4.1
star
14M reviews
1B+",https://talkingtomandfriends.com/privacy-policy-games/en,support@outfit7.com,https://talkingtomandfriends.com/support/
known_dataset_200,regular_everyone,03_regular_everyone.csv,61,com.fingersoft.hillclimb,Hill Climb Racing,Fingersoft,https://play.google.com/store/apps/details?id=com.fingersoft.hillclimb&hl=en_US&gl=US,Everyone,"Users Interact, In-Game Purchases (Includes Random Items)",Racing,GAME_RACING,false,false,Contains ads; In-app purchases,1B+,1000000000.0,10.6M reviews,10600000.0,4.2 star,4.2,0.8766995001396409,GAME_RACING,games,high,"Hill Climb Racing
Play the original classic Hill Climb Racing! Race your way uphill in this physics based driving game, playable offline!
Meet Bill, the young aspiring uphill racer. He is about to embark on a journey through Climb Canyon that takes him to where no ride has ever been before. With little respect to the laws of physics, Bill will not rest until he has conquered the highest hills up on the moon!
Face challenges in unique hill climbing environments with a wide variety of cars to choose from. Earn points from daring tricks and collect coins to upgrade your car and travel further distances. Watch out though - Bill's neck is not what it used to be when he was a kid! And his good old gasoline crematorium will easily run out of fuel.
Features::
Fresh Content
We are still actively developing Hill Climb Racing and adding new vehicles, new stages and new content!
Unique Vehicles
Get behind the wheel of a wide variety of different vehicles. From the iconic Hill Climber to bikes, race cars, trucks and even some outlandish vehicles such as the creepy Carantula! Half car, half tarantula, do you dare drive it?
Play Offline
Race offline whenever and wherever you want! Hill Climb Racing is playable completely offline. Play it on a bus, plane or train! Play it anywhere!
Wacky Stages
Climb Canyon is full of unique challenges and stages for you to overcome with vastly different terrains and hazards. How far can you drive without running out of gas or crashing your vehicle?
Unlock and Upgrade
Tune up and fix your dream vehicle with custom parts, skins and upgrades!
Simulated Physics
We worked hard on creating a one of a kind in-game physics system where your vehicles will react to the terrain in a unique manner, can you use this to your advantage and conquer the hills?
Daily challenges and events
Tackle the daily challenges and events to earn epic rewards!
Remember that we're always reading your feedback and are hard at work creating new content and fixing any issues you may find. Please feel free to report what you like or dislike or any other issues you may have with the game to support@fingersoft.com.
Follow Us:
* Facebook: https://www.facebook.com/Fingersoft
* X: https://twitter.com/HCR_Official_
* Website: https://www.fingersoft.com
* Instagram: https://www.instagram.com/hillclimbracing_official
* Discord: https://discord.com/invite/fingersoft
* TikTok: https://www.tiktok.com/@hillclimbracing_game
* Youtube: https://www.youtube.com/@FingersoftLtd
Terms of Use: https://fingersoft.com/eula-web/
Privacy Policy: https://fingersoft.com/privacy-policy/",http://www.fingersoft.com/privacy.html,support@fingersoft.com,https://www.fingersoft.com
known_dataset_200,regular_everyone,03_regular_everyone.csv,62,com.ludo.king,Ludo King®,Gametion,https://play.google.com/store/apps/details?id=com.ludo.king&hl=en_US&gl=US,Everyone,,Board,GAME_BOARD,false,false,Contains ads; In-app purchases,1B+,1000000000.0,10.3M reviews,10300000.0,4.1 star,4.1,0.8743272907654489,GAME_BOARD,games,high,"Ludo King®
*THIS IS OFFICIAL LUDO KING® GAME
2 Billion Downloads
Adda (Club) is live! Create your own or join others to chat and hang out.
Ludo King® is board game played between friends, family & kids.
* 2/3/4/5/6 Players online Ludo game mode available
* 2/3/4 Players Snakes and Ladders game mode available
* 8 Players tournament available
* New Ludo season released each month
* Play daily goals and get free dice, coins and diamonds
Ludo King® is a classic board game played between friends and family. Play the dice game of kings! Recall your childhood! In some places, Ludo is also known as Parchisi, Pachisi, parcheesi or Parchisi game.
Ludo King is a cross platform multiplayer game that supports Desktop, Android, iOS, HTML5 and Windows mobile platform at same time. This game also support offline mode, where player can play with Computer or, Local multiplayer (pass and play mode). Play this dice game Ludo King. Best casual game in board games.
New Game Themes available:
Disco / Night mode Theme
Nature Theme
Egypt Theme
Pinball Theme
Candy Theme
Christmas Theme
Penguin Theme
Battle Theme
Diwali Theme
Pirate Theme
Sui Dhaaga Theme
Marble Theme
Alien Theme
Octopus Theme
Taj Mahal Theme
What's new:
* Social chat (text and voice)
* Search- Worldwide players search
* Quick mode
* Tournament available
* Real chat with friends and buddies
* Challenge Facebook friends/buddies
* Save/Load Ludo game option
* More user-friendly UI
* Low end devices support
Ludo King is the modern version of the royal game of Pachisi. A Ludo game which was played between Indian kings and queens in ancient times. Roll the Ludo dice and move your tokens to reach the center of the Ludo board. Beat other players, become the Ludo King.
Ludo King follows the traditional rules and the old school look of the Ludo game. Just like the kings and queens of India's golden age, your fate depends on the roll of the Ludo's dice and your strategy of moving the tokens effectively.
Features of Ludo King:
* No internet connection required! Play against the computer
* Play with your family and friends through Local and Online Multiplayer
* Play 2 to 6 Player Local Multiplayer Mode
* Invite and challenge your Facebook Friends in a private game room and beat them to become Ludo King
* Private chat with your Facebook friends & Buddies
* Play Snake and Ladders on 7 different game board variations
Ludo King is a friends and family game that was once played by kings and now it can be enjoyed by you and your family and friends. You'll be playing this Ludo for hours and its fun for the whole family.
Ludo King is a perfect time pass game of Ludo board game. You played Ludo in your childhood, now play on your phone and tablet.
Another nostalgic game similar in structure is Snakes and Ladders. Like Ludo, you may have played this board game when you were young. Ludo King now incorporates this classic Snakes and Ladders game as a whole new level. The objective of the game is simple: you have to be the first one to make it to 100. However, you can only move the same number of tiles as the number you roll on a die. If you land on the same tile as the beginning of a ladder, then you can take the ladder as a shortcut and move on up. A game of ups and down, Snakes and Ladders has been a favorite for generations; and now you can play it too, with Ludo King.
Ludo has different names in different regions and countries like Fia, Fia-spel (Fia the game), Le Jeu de Dada (The Game of Dada), Non t'arrabbiare, Fia med knuff (Fia with push), Cờ cá ngựa, Uckers, Griniaris, Petits Chevaux (Little Horses), Ki nevet a végén, برسي (Barjis/Barjees). People also misspell Ludo as Loodo, Chakka, Lido, Lado, Ledo, Leedo, Laado, or Lodo.
Follow us to get news and updates:
* Facebook: https://www.facebook.com/ludokinggame
* Twitter: https://twitter.com/LudoKingGame
* YouTube: https://www.youtube.com/c/LudoKing
* Instagram: https://www.instagram.com/ludokinggame/
* https://ludoking.com
IGRS RATING: 13+",https://www.gametionglobal.com/privacypolicy.htm,support@ludoking.com,https://gametion.com/
known_dataset_200,regular_everyone,03_regular_everyone.csv,63,com.touchtype.swiftkey,Microsoft SwiftKey AI Keyboard,SwiftKey,https://play.google.com/store/apps/details?id=com.touchtype.swiftkey&hl=en_US&gl=US,Everyone,,Personalization,PERSONALIZATION,false,false,Contains ads,1B+,1000000000.0,4.56M reviews,4560000.0,4.3 star,4.3,0.8677636202446385,PERSONALIZATION,others,high,"Microsoft SwiftKey AI Keyboard
Microsoft SwiftKey is the intelligent keyboard that learns your writing style, so you can type faster.
Use your personalized keyboard to type and send emoji, GIFs and stickers just the way you like.
Microsoft SwiftKey comes with Copilot - your everyday AI companion. You can ask AI anything in your favourite apps.
The Microsoft SwiftKey swipe keyboard is always learning and adapting to match your unique way of typing - including your slang, nicknames and emoji.
Microsoft SwiftKey caters to all typing tastes, with free designs and themes to fit any style. The custom keyboard provides autocorrect that actually works. Microsoft SwiftKey provides helpful predictions, so you can get your point across fast, without errors. Type and text any way you like, with swipe-to-type, tap-to-type, and searchable emojis and GIFs.
TYPE LESS, DO MORE
Typing
- Swipe to type or tap to type
- Spell checker and auto text with AI-powered predictions
- Custom keyboard toolbar with an expandable menu of quick shortcuts
- Rewrite your text in a different tone and Compose text to effortlessly transform your ideas into polished drafts via AI
Rich content
- Use emoji, GIFs and stickers to express yourself 😎
- Emoji keyboard is adaptive, learning and predicting your favorite emoticons for any conversation 👍
- Search emojis and GIFs to find the best one for your reaction 🔥
- Create unique AI-powered images and memes to stand out from the crowd 🪄
Customize
- 100+ colorful keyboard themes
- Make your own custom keyboard theme with your photo as the background
- Customize your keyboard size and layout
Multilingual
- Enable up to five languages at once
- Keyboard supports over 700 languages
Get the custom keyboard that always matches your style – download Microsoft SwiftKey Keyboard today!
Find out more about Microsoft SwiftKey’s key features: https://www.microsoft.com/swiftkey
SUPPORTS 700+ LANGUAGES including:
English (US, UK, AU, CA)
Spanish (ES, LA, US)
Portuguese (PT, BR)
German
Turkish
French
Arabic
Russian
Italian
Polish
Microsoft SwiftKey AI Keyboard may request the following optional permissions, which require your consent. You can continue to use Microsoft SwiftKey AI Keyboard without granting these permissions; however, some features may be limited or unavailable.
For more information, please see below:
- Microphone: To enter text via voice using the voice-to-text functionality.
- Photos and videos: To select images stored on your device and insert or share them in messages.
- Contacts: To access your contacts for easy entry when composing messages.
- Camera: To take photos to insert or share them in messages.",https://go.microsoft.com/fwlink/?LinkId=521839,swiftkeysupport@microsoft.com,https://support.microsoft.com/swiftkey
known_dataset_200,regular_everyone,03_regular_everyone.csv,64,us.zoom.videomeetings,Zoom Workplace,zoom.com,https://play.google.com/store/apps/details?id=us.zoom.videomeetings&hl=en_US&gl=US,Everyone,"Users Interact, In-App Purchases",Business,BUSINESS,false,false,In-app purchases,1B+,1000000000.0,4.57M reviews,4570000.0,4.1 star,4.1,0.8637920198202884,BUSINESS,others,high,"Zoom Workplace
Zoom Workplace is your all-in-one collaboration app for video meetings, chat, phone calls, docs, calendar, mail, whiteboard, and more. Whether you're working remotely, in the office, or on the go, Zoom Workplace helps your team stay connected and get work done — all from a single app.
With Zoom AI Companion built in, you've got a personal assistant that helps you prep for meetings, take meeting notes with My notes, catch up on messages you missed, and draft content faster. It's included at no extra cost with your paid Zoom license.
GET MORE DONE ON THE GO WITH AI COMPANION*
Built-in AI notetaker for AI-generated meeting summaries
Draft messages and content with AI Companion
Catch up on unread Chat messages in seconds
ONE APP FOR VIDEO CONFERENCING, CHAT, AND CALLS
Schedule or join a video meeting with one tap
Send messages to colleagues and external contacts in Team Chat
Place and receive phone calls or send SMS text messages with Zoom Phone*
BOOST YOUR PRODUCTIVITY
Create and share Zoom Docs to keep your team aligned
Get automatic meeting summaries from AI Companion*
Brainstorm and collaborate on Zoom Whiteboard
SWITCH BETWEEN DEVICES WITHOUT MISSING A BEAT
Move a live video call or phone call between devices with one tap
Start a Zoom Rooms meeting and share your screen*
Multitask on your Android phone with Picture in Picture or tablet with Split Screen
WORK SAFELY ON THE GO
""Hey Google"" Voice Access commands for hands-free control
Keep your data protected with enterprise-grade security and SSO*
Zoom Workplace combines the collaboration tools teams rely on — video conferencing, team messaging, cloud phone, document editing, virtual whiteboard, calendar, and email — into one simple app. It's designed to help you spend less time switching between tools and more time focused on what matters.
*A paid Zoom Workplace subscription or other license may be required to use certain product features. Upgrade your free account today to start gaining these benefits. AI Companion may not be available for all regions and industry verticals. Some features not currently available across all regions or plans and are subject to change.
UPGRADE YOUR FREE ACCOUNT TO ZOOM WORKPLACE PRO AND GET AI COMPANION INCLUDED
Host unlimited meetings up to 30 hours each
Record meetings to the cloud (up to 10GB)
Assign meeting co-hosts and schedulers
Your Zoom Workplace Pro subscription will automatically renew unless you cancel at least 24 hours before the end of the free trial or the plan billing period. After you start your subscription, you can manage it from the Google Play app. The amount charged to the payment method in your Google Play account will vary by the plan you select and your country. The plan price will be displayed before you start your free trial or confirm your purchase.
We'd love to hear from you! Join the Zoom community: https://community.zoom.com/
Follow us on social media @zoom
Terms of Service: https://www.zoom.com/en/trust/terms/
Privacy Statement: https://www.zoom.com/en/trust/privacy/privacy-statement/
Have a question? Contact us at https://support.zoom.com/hc",http://zoom.us/privacy/,info@zoom.us,http://zoom.us
known_dataset_200,regular_everyone,03_regular_everyone.csv,65,in.amazon.mShop.android.shopping,"Amazon India Shop, Pay, miniTV",Amazon Mobile LLC,https://play.google.com/store/apps/details?id=in.amazon.mShop.android.shopping&hl=en_US&gl=US,Everyone,Users Interact,Shopping,SHOPPING,false,false,Contains ads,500M+,500000000.0,10.4M reviews,10400000.0,4.4 star,4.4,0.8602782963812066,SHOPPING,others,high,"Amazon India Shop, Pay, miniTV
With the Amazon app, shop online and pay across a wide selection of products, groceries and categories at great prices, within a single shopping app. Shop mobiles, electronics, fashion, household items & more with the online shopping app. Pay for flights, bills and make payments easier with Amazon Pay, and conveniently order your groceries for home delivery with Pantry and Amazon Fresh. Watch entertaining videos across genres (comedy, tech, beauty and more) for free on miniTV. Speak to shop - Tap the mic icon to use Alexa on the app. Play games and win prizes every day.
Online Shopping Store
Free online shopping app assures you of a great shopping experience, with a wide selection of products and clothes from brands across categories, including:
Electronics
· Shop for deals on the latest phones: Samsung Galaxy, Redmi, Apple iPhone, OnePlus & more
· Phone accessories
· Laptops
· TVs & more
Fashion for all occasions - Shop online for Men’s, Women’s & kids' clothes:
· Shirts
· Sarees & dresses
· Watches, Handbags & jewellery
· Shoes
Beauty - Shop for cosmetics
· Perfumes
· Make up
· Hair-care
Media
· Books
· Music
· Video games
Home & Kitchen:
· Cookware & Tableware
· Decor, Furnishing & Cleaning
· Appliances (Refrigerators, Washing Machines etc)
App Features
· Easily browse & search for products by name, category, or brand, at the best prices
· Quick delivery times
· Updated order tracking
· Get notified on the latest offers & deals
· Hassle free returns and replacements
· Convenient and secure payment options, including cash on delivery, bill payments, money transfer, Amazon Pay, Credit/Debit Card, UPI, EMI or Net Banking.
· Safe & secure shopping, with 100% purchase protection offered by Amazon’s A-to-Z Guarantee for safe payments & transactions
· 24/7 customer service support
Amazon Pay
· Payments made easier: Send money & quick payments to friends & family with Amazon Pay UPI easily through your phone contacts or invite them to send money from your Indian bank account and earn rewards.
· Pay on delivery: Load cash instantly into your Amazon Pay wallet at your doorstep and enjoy the convenience of one-click easy payments, faster refunds and no hassle of finding exact change
· UPI:Make faster & safer online payments with Amazon Pay UPI and pay directly from your bank account for online shopping, recharges, bill payments; including mobile phone, gas & electricity, flight bookings & more.
Amazon Pay is safe, secure and supported by govt. of India.
Amazon miniTV
Amazon miniTV is a free video streaming service offering original web series, short films, comedy videos & more. It’s a one-stop destination for unlimited entertainment with content curated for Indian customers.
· Create your watchlist
· Easily continue watching where you last left off
· Free video with minimum ads
· Stream exclusive web series & watch miniMovies
Unbeatable savings on Amazon Fresh, Pantry and Groceries
· Order food & groceries online for home delivery, from vegetables, cooking essentials & snacks, to beverages, packaged foods, household & personal care items.
· Enjoy benefit of 1-day & scheduled online grocery delivery
Amazon Prime
Get guaranteed free 1-Day, 2-Day or standard delivery on eligible items, 30-minute early access to top Lightning deals & watch the latest & exclusive movies and TV shows on Prime Video.
#-T&C apply",http://www.amazon.in/privacy,feedback-amazon-app-android@amazon.com,http://www.amazon.in/
known_dataset_200,regular_everyone,03_regular_everyone.csv,66,com.sega.sonicdash,Sonic Dash Run,SEGA,https://play.google.com/store/apps/details?id=com.sega.sonicdash&hl=en_US&gl=US,Everyone,Mild Fantasy Violence,Action,GAME_ACTION,false,false,Contains ads; In-app purchases,500M+,500000000.0,6.51M reviews,6510000.0,4.7 star,4.7,0.860204910133422,GAME_ARCADE,games,high,"Sonic Dash Run
Endless runner action has never been faster with Sonic Dash! Feel the speed in this mobile adventure game as you navigate fun 3D runner race courses with Sonic the Hedgehog, Knuckles, Tails, Shadow, and more. Collect rings, race past challenging obstacles, and battle epic bosses in this fast running game by SEGA! Sonic Dash is a fun run game for kids and adults alike.
Enjoy running games with a Sonic twist! Run, race, and jump fast with Sonic and friends. This exciting endless running game brings you a blazing fast mobile adventure experience with easy to use controls to help you dominate each course. Collect rings, spin dash through badniks, and battle Dr. Eggman in epic boss battles in a 3D runner like no other!
Collect character cards and unlock your favorite Sonic characters! Put your running, racing, and jumping capabilities to the test. Play as Knuckles, Tails, Amy, and more in endless running games in a fast-paced mobile adventure battle game that only the Sonic universe can deliver. If you’re a fan of Original, Classic Sonic and Classic SEGA games, you’ll love the endless runner adventure that Sonic Dash has to offer!
Endless running games and battles have never looked better! Sonic Dash combines endless runner gameplay with the iconic Sonic universe! Featuring inspired track design from classic Sonic levels such as Green Hill Zone with its loop de loops and corkscrews! Experience new levels in this Sonic mobile adventure game such as the Beach Zone and run through the sand or take to the skies in the Sky Sanctuary Zone!
Experience an endless runner adventure like no other! Run with Sonic & friends, collect rings, battle bosses, level up, and earn rewards today! Experience speed the Sonic way in this spectacular 3D runner! Download today!
EPIC ENDLESS RUNNER WITH SONIC
- Dash into an endless running game like no other
- Casual fun run adventure or record breaking challenge? It’s up to you!
- Spin dash badniks, collect rings, & earn rewards in this running battle game!
- Run with easy to use controls
COLLECT YOUR FAVORITE SONIC CHARACTERS
- Sonic, Shadow, Tails, Knuckles, and many more await the next fun run
- Start up your next endless running game with your favorite Sonic character
- This 3D Runner will take you on a speedy battle adventure alongside Sonic and beloved characters
RUNNING GAMES HAVE NEVER LOOKED SO GOOD
- Endless runner battle game within the iconic Sonic Universe
- Run, dash, & jump through Green Hill Zone, Beach Zone, and more
- Enjoy a fun run upside down on loop de loops, on a corkscrew, or underwater
EPIC 3D RUNNER BOSS BATTLES
- Run fast & battle bosses like Dr. Eggman and Zazz
- Jump & dodge their attacks & finish them with a spin dash attack
- Collect & earn big points and rewards
MORE THAN JUST AN ENDLESS RUNNER
- Customize your endless running game outside of the course
- Save animal friends and explore this Sonic mobile adventure universe
- Customize your very own zone in a fun run experience that goes beyond the track
Privacy Policy: http://www.sega.com/mprivacy/
Terms of Use: http://www.sega.com/Mobile_EULA
SEGA’s Sonic Dash is ad-supported and in-app purchases are not required to progress. Ad-free play is available with an in-app purchase.",https://privacy.sega.com/en/sega-of-america-inc-privacy-policy,help@segaamerica.com,https://www.sega.com
known_dataset_200,regular_everyone,03_regular_everyone.csv,67,com.google.android.apps.chromecast.app,Google Home,Google LLC,https://play.google.com/store/apps/details?id=com.google.android.apps.chromecast.app&hl=en_US&gl=US,Everyone,,Lifestyle,LIFESTYLE,false,false,In-app purchases,1B+,1000000000.0,3.63M reviews,3630000.0,4.0 star,4.0,0.8588065703992689,LIFESTYLE,others,high,"Google Home
The Google Home app helps you get the most out of Gemini for Home.
See your home at a glance
The Google Home app is designed to show you the status of your home and keep you up to date with what you may have missed.
Keep up with what’s important
Updated design and streamlined organization help you group your devices into dashboards and easily navigate your settings. Plus you can check in on your home anytime.
Scan camera events quickly
The camera live view and history interface makes it easier than ever to see what happened.
Search or ask your home
Control your home in a brand new way. Just say what you want your devices to do with Gemini for Home.
* Some products and features may not be available in all regions. Compatible devices required.",,apps-help@google.com,http://cast.google.com/chromecast/
known_dataset_200,regular_everyone,03_regular_everyone.csv,68,com.jio.media.jiobeats,JioSaavn - Music & Podcasts,Saavn Media Limited,https://play.google.com/store/apps/details?id=com.jio.media.jiobeats&hl=en_US&gl=US,Everyone,,Music & Audio,MUSIC_AND_AUDIO,false,false,Contains ads; In-app purchases,500M+,500000000.0,8.73M reviews,8730000.0,4.3 star,4.3,0.8560090016977276,MUSIC_AND_AUDIO,others,high,"JioSaavn - Music & Podcasts
JioSaavn is India’s leading FREE music app, offering an extensive and exclusive library of 8 crore+ songs across 16 languages. Enjoy music you won’t find for free on any other app! Set your favourite tracks as JioTunes (callertunes) on your Jio number. Explore India’s top podcasts hosted by star podcasters!
With JioSaavn, experience India’s most versatile music and audio streaming app that serves multiple purposes:
Languages:
Hindi, English, Punjabi, Tamil, Telugu, Gujarati, Bengali, Marathi, Bhojpuri, Kannada, Malayalam, and more. Whatever your language preference, find it on JioSaavn!
Top Artists:
Explore every artist under the sun like Justin Bieber, Sid Sriram, Shreya Ghoshal, Jubin Nautiyal, Diljit Dosanjh, Ilaiyaraaja, Kumar Sanu, Michael Jackson, Alka Yagnik, and many more! Access music by your current favourites or all-time legends.
Genres:
Pop, Trending, Classic, EDM, Romantic, Bollywood Retro, Rock, Folk, Rap, Devotional, Remix, Indie to name a few! Find songs in all your favourite genres on JioSaavn.
Sing Along with Lyrics:
Sing along to super hits like ‘Kesariya’, ‘As It Was’, ‘Peaches’, ‘Le Le Aayi Coca Cola’, ‘Summer High’, ‘Mayakama Kalakama’, ‘Bimbilikki Pilapi’, ‘The Warriorr’, ‘Macherla Niyojakavargam’, ‘Megharajana Raaga’, ‘Singara Siriye’, ‘Thallumaala’, ‘Dagdi Chawl 2’, ‘Obosheshe’, ‘Bas Kar Pagli’, ‘The Villagers’, ‘Kabootar’. Get accurate song lyrics and trivia in real time!
Podcasts & Shows:
Listen to India’s most popular podcasts and audio shows across multiple genres and languages. Discover your new favourite show and explore our curations in multiple genres such as ‘Comedy’, ‘Film & TV’, ‘Religion & Spirituality’, ‘Ishq Wale Podcasts’, ‘Crime & Horror’, ‘Health & Wellness’; along with shows in several languages like English, Hindi, Tamil, and more. Top-rated shows include ‘On Purpose with Jay Shetty’, ‘Pyaar Actually’, ‘Woice with Warikoo’, ‘Get Sleepy: Sleep Meditation and Stories’, and ‘ZARA KHAUFF SE SUNO’.
Curated Playlists:
Experience our expertly curated playlists made for every mood and occasion. Listen to Now Trending Hindi, Best Of Romance Hindi, Fresh Tunes, Now Playing Pop, Gedi Shedi, Lub Ju, Pudhu Tunes, Top Kuthu, Kotha Tunes, Now Trending Telugu, Hosa Tunes, Premaloka, Puthuputhan Tunes, Now Trending Malayalam, Navin Tunes, Now Trending Marathi, Bhalobashar Gallery, Nrityer Taale, Now Trending Bhojpuri, Pyar Ke Jadu, Nava Tunes, Haryanvi Dance Hits. Tune in to addictive playlists in your language.
JioTunes:
Make your callers smile with a trending JioTune! Explore our selections of Top Hindi, Top English, Punjabi Hip-Hop, Tamil Romantic, and Top JioTunes 2022. Set JioTunes from your favourite films, whether Bollywood, Tollywood, or Kollywood. Entertain your callers with a peppy song before you pick up the phone!
Device Compatibility: Listen on Alexa, Chromecast, Google Home, Android Auto, Airplay, Sonos, and more!
JioSaavn Pro: Upgrade your music experience with JioSaavn Pro! Get access to extra features:
- Ad-free music
- Unlimited JioTunes
- Unlimited downloads
- High-quality audio
- Ringtone downloads
- Exclusive music and podcasts
Enjoy JioSaavn Pro with individual, family, or duo subscriptions on monthly and yearly plans. Sign up for a 30-day free trial and get access to JioSaavn Pro features for free! Jio users can listen to music and set JioTunes from JioSaavn on the MyJio app.
Looking for JioSaavn? You’re in the right place! Whether you search for jiosaavn, Jio Saavn, Jio Saavan, Jiosaavan, Jio saavan, jio tunes, or Jio caller tune, we’ve got you covered!
Stay Connected:
Like us on Facebook: facebook.com/jiosaavn
Follow us on Twitter and Instagram: @jiosaavn
Availability:
English content is currently available in India. Content served in the United States, Canada and India.",https://www.jiosaavn.com/corporate/privacy/,feedback@jiosaavn.com,https://www.jiosaavn.com
known_dataset_200,regular_everyone,03_regular_everyone.csv,69,ca.uwaterloo.portal,UWaterloo Portal,"University of Waterloo, The",https://play.google.com/store/apps/details?id=ca.uwaterloo.portal&hl=en_US&gl=US,Everyone,,Education,EDUCATION,false,false,,10K+,10000.0,246 reviews,246.0,3.2 star,3.2,0.3833242930502533,EDUCATION,others,medium,"UWaterloo Portal
Portal is designed to make your UWaterloo life easier, providing access to a suite of real-time information, updates and features relevant to all students.
The full launch of Portal app is scheduled for Fall, 2019. The current version is not complete with all features. Enhancements of new functionality will be added consistently in the coming months so please stay tuned and give us feedback of what you like and what you’d like to see in the future!
Content is organized in an easy to use platform with clear categories, which makes navigating a breeze.
Our top rated features include:
• Classes – find detailed information about your class times, locations, professors
• Final Exams – real-time data on dates, times and locations of your exams
• WatCard – current balances, transaction history and access to top up funds
• Calendar – all of your personalized and campus info in one place
• Campus Map – An easy to use map that allows you to see your current location
• Event Registration System – browse, register and attend a variety of events and workshops on campus
• Course Materials – determine exactly what books you need for your unique schedule",https://uwaterloo.ca/privacy/,pchvala@uwaterloo.ca,https://uwaterloo.ca/uwaterloo-portal/
known_dataset_200,regular_everyone,03_regular_everyone.csv,70,com.developerocean.elmoisesanote,El Moises Anote,Developer Ocean!,https://play.google.com/store/apps/details?id=com.developerocean.elmoisesanote&hl=en_US&gl=US,Everyone,,Tools,TOOLS,false,false,Contains ads,5K+,5000.0,84 reviews,84.0,4.9 star,4.9,0.3833233374219223,TOOLS,others,medium,"El Moises Anote
With El Moisés Anote, keeping score of your domino games has never been easier. Forget paper and pencil, and enjoy fast, accurate and hassle-free registration.
🔹 Register points manually
🔹 Customize teams and players according to your game
🔹 Check the game history and check who is the best
🔹 Adjust the rules to your preferred modality
🔹 Clear and intuitive interface for a smooth experience
Don't waste time doing math, El Moisés Anote does it for you. Download now and focus on winning! 🏆🎉",https://politicaloteriaod.blogspot.com/2025/03/politica-de-privacidad.html,autoayudawebinfo@gmail.com,https://appgameservicerd.blogspot.com/ads.txt
known_dataset_200,regular_everyone,03_regular_everyone.csv,71,com.fullykiosk.videokiosk,Fully Video Kiosk,Fully Factory Kiosk Solutions,https://play.google.com/store/apps/details?id=com.fullykiosk.videokiosk&hl=en_US&gl=US,Everyone,"Digital Purchases, Unrestricted Internet",Video Players & Editors,VIDEO_PLAYERS,false,false,In-app purchases,10K+,10000.0,113 reviews,113.0,3.7 star,3.7,0.3833003470170063,VIDEO_PLAYERS,others,medium,"Fully Video Kiosk
Fully Video Kiosk is a flexible Android Video Kiosk. Configure your video playlist or picture slideshow and Lockdown your device in Kiosk Mode. Fully Video Kiosk provides fullscreen kiosk mode, motion detection, remote admin and many other features for your video kiosks, digital signages, interactive kiosk systems, information panels and any unattended Android devices.
FEATURE OVERVIEW
* Play media from playlist incl. videos supported by Android, images and websites
* Add media from different sources like web URL, YouTube videos/playlists, files/folders on the internal storage or SD cards
* Loop or skip playing media on timer or user interaction, set transitions, wallpaper and play order
* Show websites (HTTP, HTTPS or FILE) with full support for HTML5, JavaScript, application cache, embedded videos etc.
* Lockdown or configure web browser features like feature access, uploads, popups, zooming, URL whitelist and blacklist etc.
* Customizable browser controls like action and address bar, back button, progress bar, pull-to-refresh, swipe to navigate, page transitions, custom colors
* Auto reload wallpaper or playlist on different events like idle time, network reconnect or screen on
* Configure your device for the best user experience: fullscreen mode, set screen brightness/orientation, keep screen on, skip the lockscreen, autostart@boot, scheduled wake-up and sleep times, screensaver
* Kiosk Mode: Video player lockdown for unattended devices. Exit from Kiosk mode only with selected gesture and PIN.
* Motion Detection using front cam gets more attention, show screensaver or turn screen off when no motion
* Device Movement Detection using compass, accelerometer or iBeacons, theft alarm or other action
* JavaScript and REST Interface: control device and get device info
* Remote Admin Fully Kiosk in the local network or worldwide from Fully Cloud
* Recover the app even after unexpected errors or auto-updates
* Lightweight app, install from Google Play or from APK file, export/import settings, usage stats
* Purchase an instant license for the PLUS features
* Easy volume licensing and deployment, customized and white label solutions
* Supports Android 6 to 16
Full list of features: https://play.fully-kiosk.com/#video-kiosk
If you need any other features for your use case just ask us.
PERMISSIONS
This app uses the Device Administrator permission. This is required when activating Screen Off Timer, Remote Admin or JavaScript Interface for switching off the screen. Administration permission must be withdrawn before the app can be uninstalled.
Full list of permissions: https://play.fully-kiosk.com/#permissions
USAGE
Please update Android System Webview for the best web experience and safety.
https://play.fully-kiosk.com/#faq-badweb
When Fully Video Kiosk is launched SWIPE FROM THE LEFT EDGE to show menu and settings.
In the Kiosk Mode Fully will ask you to set it as home app. So you'll stay locked down with Fully Video Kiosk. The Android status bar, the recent app button and the hardware buttons can also be locked. No root required.
The Motion Detection uses the front camera or microphone of the device. When motion is detected the screen is switched on and screensaver stops.
Read more about configuration options: https://play.fully-kiosk.com/#configuration
Enjoy! Your feedback for our video kiosk app is welcome at info@fully-kiosk.com",https://play.fully-kiosk.com/#privacy,info@fully-kiosk.com,https://play.fully-kiosk.com
known_dataset_200,regular_everyone,03_regular_everyone.csv,72,com.myGame.scorpion,Classic Scorpion Solitaire,KL,https://play.google.com/store/apps/details?id=com.myGame.scorpion&hl=en_US&gl=US,Everyone,,Card,GAME_CARD,false,false,Contains ads,10K+,10000.0,113 reviews,113.0,3.7 star,3.7,0.3833003470170063,GAME_CARD,games,medium,"Classic Scorpion Solitaire
Scorpion Solitaire is a classic solitaire.
The goal in this game is to to move all cards to 4 foundations located at the top right corner by suit from A to K.
You can move a group of cards to another tableau pile if the starting card of the group is in
the same suit and of an immediate lower ranking with the top card of the other tableau pile.
An empty tableau pile can be occupied by a K or a group starting with a K.
Click the stock pile at the top left corner to deal a row of three cards to the tableau.",https://privacypolicies.com/privacy/view/f590188259930511d2b036ff7d81b97e,lay1242@gmail.com,http://lay1242.blogspot.tw/
known_dataset_200,regular_everyone,03_regular_everyone.csv,73,firewatchfacesanimated.livefireonwatch.infernolivewatchfaces,Fire Watch Faces - Animated,MD Innovate,https://play.google.com/store/apps/details?id=firewatchfacesanimated.livefireonwatch.infernolivewatchfaces&hl=en_US&gl=US,Everyone,,Personalization,PERSONALIZATION,false,false,Contains ads; In-app purchases,10K+,10000.0,113 reviews,113.0,3.7 star,3.7,0.3833003470170063,PERSONALIZATION,others,medium,"Fire Watch Faces - Animated
The application offers both analog & digital dials. You can select the desired watchface and apply it to the Wear OS smartwatch but for that You have to install ""Fire Watch Faces -Animated"" on watch and mobile both side to view and apply the watchfaces.
Some Watchfaces are free, and you can use them free , some watchfaces are premium, and you will need to purchase the in-app to use premium watchfaces.
You have to install ""Fire Watch Faces -Animated"" on watch and mobile both side to view and apply the watchfaces.
This Fire Watch Faces - Animated app gives complication and shortcut customization features. These features are premium and you can use them by purchasing the in-app purchase.
This Fire Watch Faces - Animated app supports almost all wear OS devices. It is compatible with
- Fossil Gen 6 Smartwatch
- Fossil Gen 6 Wellness Edition
- Sony Smartwatch 3
- Mobvoi Ticwatch Series
- Huawei Watch 2 Classic & Sports
- Samsung Galaxy Watch5 & Watch5 Pro
- Samsung Galaxy Watch4 and Watch4 Classic and more.
Now it's time to enjoy the beauty of animated fire flames right up on your Wear OS smartwatch.
If you have any queries, issues, or suggestions, then feel free to contact us at mehuld0991@gmail.com. We will be happy to assist you!
This app work standalone for wear os if you want to use default given watchface built for apply different watchface you need mobile and watch both app install.
Note: We may show some premium watch faces in Icon, Banner or Screenshot which is not initially present on wear os app. These watchface we shown for understand the application functionality to user easiness. For download that watchface you need to download mobile app and then you can apply those on watch.",https://mdinnovative.wordpress.com,mehuld0991@gmail.com,https://mdinnovate.blogspot.com
known_dataset_200,regular_everyone,03_regular_everyone.csv,74,org.pretechapp.office.reader,All Document Reader and Viewer,AppSelect Ltd,https://play.google.com/store/apps/details?id=org.pretechapp.office.reader&hl=en_US&gl=US,Everyone,In-App Purchases,Productivity,PRODUCTIVITY,false,false,Contains ads; In-app purchases,10K+,10000.0,113 reviews,113.0,3.7 star,3.7,0.3833003470170063,PRODUCTIVITY,others,medium,"All Document Reader and Viewer
All Document Reader and Viewer - a lightweight all-in-one viewer application. This smart office files reader opens all formats of documents on your smartphone with just one app.
Document Reader is compatible with all types of Office files, such as PDF, DOCX (DOC), XLSX (XLS), TXT, PPT etc. It helps you easily process files in all formats. Through this document viewer the user does not need to install multiple applications for each file type. All files (documents, spreadsheets, presentation etc.) are managed by one application.
File opener scans a smartphone and organizes files by type automatically. So you can search and view documents conveniently.
This simple app will be very useful for users who want to read documents without any extra editing features. Thereby All Document Reader and Viewer processes the files so quickly and consumes less space into your device. Powerful viewer app can open documents storing SD cards (External Storage) or downloaded as email attachments.
⭐️ All Document Reader and Viewer benefits:
✔️ Easy and simple to use.
✔️ All-in-one document viewer: PDF, DOCX, XLSX, PPT, TXT files compatible.
✔️ Fast and easy reading of your documents.
✔️ Search document by name.
✔️ Easy delete of multiple documents.
✔️ File name editor.
✔️ Automatically search all accessible smartphone storages and sort files by type.
✔️ Folder structure: PDF, Word, Excel, PPTX files etc. managing separately in the corresponding folders.
✔️ All files are located in one place. It’s easy to search and view.
✔️ Night mode reading.
✔️ Offline mode. No internet connection required to view downloaded documents.
✔️ Bookmark needed documents to “Favorites” and read it later again.
✔️ Share and print your document with one tap.
✔️ Sorting by file name, last modified date, file size, last visited, etc
⭐️ All Document Reader and Viewer main features:
📚 All-in-one document opener
The app is a complete office document reader. No more searching and installing different readers to view different types of files. All Document Reader allows you to view commonly used office file formats with your smartphone. It supports the following formats: PDF files, Word documents (DOCX, DOC), Excel spreadsheets (XLS, XLSX), presentation slides (PPT, PPTX, PPS, PPSX), other document types - TXT, ODT, ZIP, CSV, XML, HTML etc.
📕 PDF Reader
Portable Document Format (PDF) - the most popular document format these days. Certificates, invoices, electronic tickets and other business documents are saved in PDF format exactly. Built-in PDF Reader helps you easily manage all PDF files on your device: open documents from other apps directly; zoom, scroll and search inside PDF; jump to the desired page; share and print PDF file with a single tap.
📘 DOCX, DOC files Reader
DOCX (DOC) viewer, as a part of All Document Reader, has a simple reading screen with basic controls. It allows you to read Word documents anytime and anywhere, even offline. Quickly find any DOCX file with the simple search option, read or bookmark it. You will enjoy a simple and clear interface for reading.
📖 E-book Reader
E-books of various formats and sizes can now be read directly with your device. Night mode will be convenient for long-term reading and save your eyes.
📗 XLSX Viewer, Spreadsheet Viewer
XLSX reader is useful for viewing all Excel spreadsheet formats. XLSX, XLS formats are both supported. It is a handy tool to manage reports or graph files on your smartphone.
📙 PPTX, PPT presentation files Reader
Excellent PPT(PPTX) viewer allows you to open presentation files in high resolution with fast performance. You will be able to show the presentation of your business plan on your mobile device directly.
If you use Office files with your smartphone - All Document Reader and Viewer is the best solution to read it! It allows you to view documents on your smartphone and supports all formats.
This lightweight and simple PDF Reader/XLSX viewer/DOCX reader is really worth a try",https://sites.google.com/view/prementtech/all-document-reader,prementtechdev@gmail.com,https://pretechapp.org
known_dataset_200,regular_everyone,03_regular_everyone.csv,75,com.ellielaine.android,Simply Simpson & Co,CommentSold Apps I,https://play.google.com/store/apps/details?id=com.ellielaine.android&hl=en_US&gl=US,Everyone,,Shopping,SHOPPING,false,false,,5K+,5000.0,98 reviews,98.0,4.8 star,4.8,0.3833000018580638,SHOPPING,others,medium,"Simply Simpson & Co
Welcome to the Simply Simpson & Co. App! The best way to shop with Simply Simpson & Co. is on iOS! Features: - Browse all of our most recent arrivals and promotions - Easy ordering and checkout - Waitlist items and purchase them when they are back in stock - Email notification for order fulfillment and shipping",https://commentsoldapppolicies.com/flannelrose,mobile@commentsold.com,
known_dataset_200,regular_everyone,03_regular_everyone.csv,76,com.access.rider,Access Services LA,Access Services Los Angeles,https://play.google.com/store/apps/details?id=com.access.rider&hl=en_US&gl=US,Everyone,,Travel & Local,TRAVEL_AND_LOCAL,false,false,,10K+,10000.0,132 reviews,132.0,3.6 star,3.6,0.3832988186978855,TRAVEL_AND_LOCAL,others,medium,"Access Services LA
Access Services Log Angeles is an app that allows you to easily, with a tap of a button, see reservation status and track vehicle in real time.
Easy way to confirm your trip reservation, share your ride experience and rate your driver and vehicle, and get the live ETA for your vehicle.
Access Services LA allows you to check the location of a vehicle n-minutes before your scheduled time. You can use the system with a smartphone, computer and tablet.
* Online Reservations is an easy to use that allows you to manage your upcoming trips with Access. Book a trip to or from a previously visited address, edit an existing trip or cancel a trip, using your smartphone, computer or tablet.
If you need help to register, use the app, or report any system issues, please call the WMR help desk at 213.270.6099 or email us directly at wmr@accessla.org",https://marsdashboard.itcurves.us/Ajax/Common/Images/TermsNConditions/TC_For_TSP_41.html,prieto@accessla.org,
known_dataset_200,regular_everyone,03_regular_everyone.csv,77,com.bettride.app,Bettride للركاب,syfsupps llc,https://play.google.com/store/apps/details?id=com.bettride.app&hl=en_US&gl=US,Everyone,Shares Location,Maps & Navigation,MAPS_AND_NAVIGATION,false,false,,10K+,10000.0,132 reviews,132.0,3.6 star,3.6,0.3832988186978855,MAPS_AND_NAVIGATION,others,medium,"Bettride للركاب
Tired of TRAFFIC🚦?
Tired of the high cost of FAST transportation?
Looking for a SAFE way of traveling?
Transportation is the pillar of every economy…
And our mission is to make it affordable by everyone…
You no longer need to pay hefty amounts for fast and convenient transportation
methods…
We have solved the problem for our customer because that is what Bettride stands for…
There are rides for all budgets…pick your destination, then select your preferred price and get there in a blink of an eye…
Download the app now and experience the new way of commuting…
Signing up is easy:
1️⃣Enter your phone number!
2️⃣Enter your name and date of birth!
3️⃣Start riding.
The process takes less than 30 seconds🚀",https://www.bettride.com/privacy.html,help@bettride.com,https://bettride.com
known_dataset_200,regular_everyone,03_regular_everyone.csv,78,com.learntolive,Learn to Live,Learn to Live,https://play.google.com/store/apps/details?id=com.learntolive&hl=en_US&gl=US,Everyone,,Health & Fitness,HEALTH_AND_FITNESS,false,false,,10K+,10000.0,132 reviews,132.0,3.6 star,3.6,0.3832988186978855,HEALTH_AND_FITNESS,others,medium,"Learn to Live
You must have a Learn to Live account to use this app. Check to see if you have access through your employer, health plan or university, or sign up directly through www.learntolive.com.
Learn to Live offers customized online programs based on the proven principles of Cognitive Behavioral Therapy (CBT). These programs are confidential, accessible anywhere, and designed to help you identify the thought and behavior patterns that cause issues.
With the app you can:
- Practice the tools learned to truly live and maintain the life you've always wanted to live.
- Get help with depression, stress, anxiety, insomnia, substance use and other life hurdles.
- Track your progress from your personalized dashboard.
- Identify the support you need to reach your mental health goals.
Your use of this application is subject to the Subscription Agreement, Terms of Use, and Privacy Policy that apply to your use of our site located at http://www.learntolive.com, as well as the programs, modules, and coaching services you access through the site or this application.",https://www.learntolive.com/home/privacypolicy,contactus@learntolive.com,https://www.learntolive.com
known_dataset_200,regular_everyone,03_regular_everyone.csv,79,com.biokoda.biocoded,Biocoded,Biokoda,https://play.google.com/store/apps/details?id=com.biokoda.biocoded&hl=en_US&gl=US,Everyone,"Users Interact, Shares Location",Communication,COMMUNICATION,false,false,,10K+,10000.0,154 reviews,154.0,3.5 star,3.5,0.3832833576488479,COMMUNICATION,social_apps,medium,"Biocoded
Biocoded - Secure communication solution for your Android device
With Biocoded you can
- Make and receive encrypted voice calls
- Make and receive encrypted conference calls
- Send encrypted text messages
- Take and send encrypted photos
- Make encrypted group chats
- Create and manage chatrooms
- Participate in conference rooms
- Create a confidential live stream, with recording for later viewing (BIOCODED EVIDENCE)
- Share your location in real time with your group
- Location pinning
- Record and send encrypted voice messages
- Send encrypted images and videos
- Use timed self-destruction of messages
Biocoded provides full end-to-end encryption.
Read more on https://www.biocoded.com/",https://biocoded.com/faq#privacy,info@biokoda.com,https://www.biocoded.com
known_dataset_200,regular_everyone,03_regular_everyone.csv,80,com.eea.AQIMobile,European Air Quality Index,European Environment Agency,https://play.google.com/store/apps/details?id=com.eea.AQIMobile&hl=en_US&gl=US,Everyone,,Weather,WEATHER,false,false,,10K+,10000.0,154 reviews,154.0,3.5 star,3.5,0.3832833576488479,WEATHER,others,medium,"European Air Quality Index
Your access point to air quality information in Europe
▪ Instant access to up-to-date air quality data
▪ Data from more than 3.500 stations in Europe
▪ Using Copernicus for forecast of air quality
▪ Helps you to monitor air quality where you are
▪ 100% advertising free app
▪ Only official and trusted air quality information
▪ No tracking of your use",https://airindex.eea.europa.eu/AQI/privacy-policy.html,info@eea.europa.eu,https://www.eea.europa.eu/contact-us
known_dataset_200,regular_everyone,03_regular_everyone.csv,81,com.gcdroid.sub,GCDroid / WheriDroid,GCDroid,https://play.google.com/store/apps/details?id=com.gcdroid.sub&hl=en_US&gl=US,Everyone,In-App Purchases,Entertainment,ENTERTAINMENT,false,false,In-app purchases,5K+,5000.0,156 reviews,156.0,4.5 star,4.5,0.383278225008592,ENTERTAINMENT,others,medium,"GCDroid / WheriDroid
IMPORTANT
GCDroid is VERY limited for Groundspeak (geocaching.com) basic users!
Unless you pay for THEIR premium membership, GCDroid is unable to provide much use. This is limited by Groundspeak, NOT GCDroid!
GCDroid is your 'one stop shop' mobile geocaching application. Versatile and user friendly, it is designed for both online and offline geocaching in mind. GCDroid integrates seamlessly with GSAK and Dropbox but also offers direct access to caches via the Live API.
A geocaching app for geocachers from a geocacher...
All GCdroid subscriptions come with a one-time free trial with all features based on your geocaching.com account type enabled
Just a couple highlights
• Built-In Wherigo Player
• Ad free
• direct access to Dropbox to download GSAK databases or GPX files
• Merge multiple databases into one
• Submit custom Fieldnote/Log
• Advanced Search
• FTF Search Mode (show unfound caches)
• Hide Search Mode (show all caches, including disabled, owned, found)
• Convert live database to offline database
• Show source of cache page (ideal for puzzles with hidden text)
Latest changes:
Version 3.0.0
• new: native Wherigo Player that supports caching and playing at the same time
• fix: new Groundspeak API",https://www.gcdroid.com/gcdroid/privacy.html,support@gcdroid.com,https://www.facebook.com/gcdroid
known_dataset_200,regular_everyone,03_regular_everyone.csv,82,com.RagTagGames.DiceVersa,Dice Versa,Ragtag Games,https://play.google.com/store/apps/details?id=com.RagTagGames.DiceVersa&hl=en_US&gl=US,Everyone,In-Game Purchases,Puzzle,GAME_PUZZLE,false,false,Contains ads; In-app purchases,5K+,5000.0,182 reviews,182.0,4.4 star,4.4,0.3832648947733719,GAME_PUZZLE,games,medium,"Dice Versa
WINNER OF THE GTMK GAME JAM 2022!
Due to circumstances beyond your control, you have found yourself in a battle for your soul against Versa, the Demon of Luck.
Play her tricky dice matching game for the chance to cheat death... at least for a little while longer.
ABOUT
Dice Versa is logic game inspired by Uno, Dominoes and Tetris.
It’s deceptively simple to play:
• Drag dice onto the board.
• Complete rows and columns to score points.
• Adjacent dice must have the same color or value.
WHAT PEOPLE ARE SAYING
“A super polished and ultra engaging puzzle game.” – Mark Brown, Game Maker’s Toolkit.
""Elegance, I believe, is one of the best words to explain what separated this game from the pack."" - Thinky Games.
""Dice Versa is a neat little puzzle game that is both easy to play and well worth checking out."" - 148 Apps.
WHY YOU’LL LOVE DICE VERSA
• Free to play forever!
• Train your brain with gameplay where every move counts!
• Discover powerful special moves to multiply your score!
• Colorblind mode!
• Full of secrets just waiting to be discovered!
• Challenge yourself to reach the highest score with online Leaderboards!
• Groovy music!
SUPPORT
Having problems? Any suggestions? I’d would love to hear from you! You can reach me at:
Email: hello@ragtag.games
Twitter: https://twitter.com/TomRagTag",https://www.ragtag.games/privacy-policy,hello@ragtag.games,https://www.ragtag.games
known_dataset_200,regular_everyone,03_regular_everyone.csv,83,com.BlackCatJP.SeasideLookout,Escape Game: Seaside Lookout,BlackCatJP,https://play.google.com/store/apps/details?id=com.BlackCatJP.SeasideLookout&hl=en_US&gl=US,Everyone,,Adventure,GAME_ADVENTURE,false,false,Contains ads,5K+,5000.0,248 reviews,248.0,4.2 star,4.2,0.3832575000377367,GAME_ADVENTURE,games,medium,"Escape Game: Seaside Lookout
Look around, solve simple riddles, collect items and get out of here.
Play for free.
【How to Play】
-Let's tap the location you are interested in.
-Tap an item on the list to select it.
-When you can use the item you have selected, you automatically use it.
-Auto save.
Recommended Aspect Ratio 9:16-9:21
Music and sound effects:
https://soundeffect-lab.info/
MusMus https://musmus.main.jp
https://taira-komori.jpn.org/index.html
https://dova-s.jp/
https://www.soundeffectsplus.com/
https://pocket-se.info/
http://notanomori.net/
http://www.freesfx.co.uk
3D model:
""Tropical Island"" (https://skfb.ly/6THzW) by Elin is licensed under Creative Commons Attribution (http://creativecommons.org/licenses/by/4.0/).
""Low Poly Cargo Ship"" (https://skfb.ly/6YrBA) by Javier_Fernandez is licensed under Creative Commons Attribution (http://creativecommons.org/licenses/by/4.0/).
""Seagull"" (https://skfb.ly/osD6w) by Dayvable is licensed under Creative Commons Attribution (http://creativecommons.org/licenses/by/4.0/).
""Wind Up Key"" (https://skfb.ly/6Ys86) by Manfred Kostka is licensed under Creative Commons Attribution (http://creativecommons.org/licenses/by/4.0/).
""Renal Reception Counter 001"" (https://skfb.ly/oZGKA) by ebenvanrensburg is licensed under Creative Commons Attribution (http://creativecommons.org/licenses/by/4.0/).
""Pens with Pencil holder - desk props"" (https://skfb.ly/6W66q) by janexx (looking for work) is licensed under Creative Commons Attribution (http://creativecommons.org/licenses/by/4.0/).
""3d modelling my cat: Fripouille"" (https://skfb.ly/6TKqH) by guillaume bolis is licensed under Creative Commons Attribution (http://creativecommons.org/licenses/by/4.0/).
""Cliff Face V2"" (https://skfb.ly/oDQxQ) by James Tubbritt is licensed under Creative Commons Attribution (http://creativecommons.org/licenses/by/4.0/).
Cloth_Shader by gam0022, licensed under the MIT License.",https://blackcatjp.hatenablog.com/entry/2023/06/07/225606,blackcatjpmeow@gmail.com,http://app-ads-fc17f.web.app
known_dataset_200,regular_everyone,03_regular_everyone.csv,84,com.gryffindorapps.truefalse.logo.trivia.quiz,True or False Quiz,Gryffindor apps,https://play.google.com/store/apps/details?id=com.gryffindorapps.truefalse.logo.trivia.quiz&hl=en_US&gl=US,Everyone,In-Game Purchases,Trivia,GAME_TRIVIA,false,false,Contains ads; In-app purchases,10K+,10000.0,44 reviews,44.0,4.3 star,4.3,0.38324946737281,GAME_TRIVIA,games,medium,"True or False Quiz
With a super database of questions and images, and always adding more, True or False Quiz will test your knowledge to the fullest. There are many different categories of questions or images and several interesting and challenging game modes
Simply try the questions from your selected mode and check how many right answers you can hit! In this True False Quiz you can find more than 400 questions and images!
In this quiz you will find questions and images from the following categories:
- Football
- Brands
- Geography
- Cars
- Animals
- Food
This True False Quiz app is made for entertainment and to increase your knowledge. Every time you pass the level, you will get hints. If you can’t answer the questions, you can use hints to get clues even answer to the question.
We offer you some helps to go further with our app:
* You can solve the question, if it is too hard for you.
* If you want to learn more about images, you can use help from Wikipedia.
* Or maybe eliminate some buttons? It’s on you!
How to play True or False Trivia Quiz:
- Select the ""Play"" button
- Choose the mode you want to play
- Choose the answer below
- At the end of game you will get your score and hints
Download our quiz and see if you`re really the expert , you think you are!",https://www.gryffindorapps.com/privacy_policy.html,support@gryffindorapps.com,http://www.gryffindorapps.com
known_dataset_200,regular_everyone,03_regular_everyone.csv,85,net.kayisoft.wordsquest,Words Quest:Word Search Puzzle,Kayisoft,https://play.google.com/store/apps/details?id=net.kayisoft.wordsquest&hl=en_US&gl=US,Everyone,,Word,GAME_WORD,false,false,Contains ads; In-app purchases,10K+,10000.0,32 reviews,32.0,4.5 star,4.5,0.3832284935983516,GAME_WORD,games,medium,"Words Quest:Word Search Puzzle
🎯 THE ULTIMATE WORD SEARCH EXPERIENCE
Love classic word search puzzles? Words Quest brings the timeless fun of magazine-style word hunts right to your phone — with a modern twist!
Swipe through letter grids, discover hidden words, and enjoy hours of relaxing gameplay. Whether you're waiting in line, unwinding after work, or just need a mental break, Words Quest is your perfect companion.
━━━━━━━━━━━━━━━━━━━━━━━━━━━━━━
✨ WHY PLAYERS LOVE WORDS QUEST
━━━━━━━━━━━━━━━━━━━━━━━━━━━━━━
🧩 1500+ FREE PUZZLES
Start with easy warm-ups and progress to challenging word grids. New puzzles added regularly — you'll never run out of fun!
🧠 TRAIN YOUR BRAIN DAILY
Sharpen your focus, improve spelling, and expand your vocabulary. Just 10 minutes a day keeps your mind sharp!
🎁 DAILY REWARDS & BONUSES
Log in every day to collect free coins, power-ups, and special prizes. The more you play, the more you earn!
🏆 COMPETE & CLIMB THE LEADERBOARD
Challenge yourself to reach the Wall of Fame. See how you rank against players worldwide!
━━━━━━━━━━━━━━━━━━━━━━━━━━━━━━
🚀 SMART POWER-UPS WHEN YOU NEED THEM
━━━━━━━━━━━━━━━━━━━━━━━━━━━━━━
Stuck on a tricky word? No problem! Use these helpful boosters:
⚡ LASER HINT — Instantly reveals letters to guide you
✏️ PENCILS — Removes wrong letters from the grid
🪨 ROCKS — Highlights individual letters in a word
☄️ METEORITE — Your ultimate puzzle-solving weapon!
━━━━━━━━━━━━━━━━━━━━━━━━━━━━━━
🌍 BUILT-IN TRANSLATOR — LEARN WHILE YOU PLAY!
━━━━━━━━━━━━━━━━━━━━━━━━━━━━━━
This is what makes Words Quest special!
Every word you find can be instantly translated into 13+ languages. Perfect for:
- English learners building vocabulary
- Language enthusiasts exploring new words
- Parents helping kids learn in multiple languages
- Anyone who loves discovering word meanings!
Supported languages include: Spanish, French, German, Arabic, Chinese, Japanese, Korean, Portuguese, Italian, Russian, Turkish, Hindi, and 30+ more!
Play in English. Learn in YOUR language. 🌎
━━━━━━━━━━━━━━━━━━━━━━━━━━━━━━
📖 BUILT-IN DICTIONARY
━━━━━━━━━━━━━━━━━━━━━━━━━━━━━━
Curious about a word's meaning? Tap any word to see its definition instantly. Turn every puzzle into a learning opportunity!
━━━━━━━━━━━━━━━━━━━━━━━━━━━━━━
🎮 SIMPLE & SATISFYING GAMEPLAY
━━━━━━━━━━━━━━━━━━━━━━━━━━━━━━
✓ One-finger swipe controls — easy for all ages
✓ Clean, beautiful design — no distractions
✓ Auto-save progress — never lose your place
✓ Multiple difficulty levels — challenge yourself!
✓ Play anytime — perfect for short breaks!
━━━━━━━━━━━━━━━━━━━━━━━━━━━━━━
⭐ YOUR DAILY WORD ADVENTURE AWAITS
━━━━━━━━━━━━━━━━━━━━━━━━━━━━━━
Words Quest is perfect for:
- Puzzle lovers seeking daily brain exercise
- Students wanting to improve vocabulary
- Seniors keeping their minds active
- Anyone who enjoys relaxing word games
No pressure. No time limits. Just pure word-finding fun!
━━━━━━━━━━━━━━━━━━━━━━━━━━━━━━
👑 VIP MEMBERSHIP
━━━━━━━━━━━━━━━━━━━━━━━━━━━━━━
Want the ultimate experience? Upgrade to VIP for:
- Ad-free gameplay
- Exclusive daily rewards
- Premium power-ups
- And much more!
━━━━━━━━━━━━━━━━━━━━━━━━━━━━━━
📥 DOWNLOAD NOW — IT'S FREE!
Start your word search adventure today. Your brain will thank you!
━━━━━━━━━━━━━━━━━━━━━━━━━━━━━━
📩 Questions or feedback? We'd love to hear from you!
Email: games@kayisoft.net
Thank you for playing Words Quest! ⭐",https://puzzlego.kayisoft.net/privacy,contact@kayisoft.net,https://kayisoft.net/
known_dataset_200,regular_everyone,03_regular_everyone.csv,86,rsv.bible.free,RSV Bible,Audio Bible,https://play.google.com/store/apps/details?id=rsv.bible.free&hl=en_US&gl=US,Everyone,,Books & Reference,BOOKS_AND_REFERENCE,false,false,Contains ads; In-app purchases,5K+,5000.0,133 reviews,133.0,4.6 star,4.6,0.3832245855681261,BOOKS_AND_REFERENCE,others,medium,"RSV Bible
Welcome to this audio Bible app where you can download the Revised Standard Version of the Bible (RSV).
The RSV is a revision of the famous version American Standard Version of 1901, which in turn is a revision of the Renowned King James Bible of 1611.
Download the complete Revised Standard Version containing the Old and the New Testament and enjoy it online as well as offline, no Internet connection is required.
Furthermore, it is an audio version of the Bible. Enjoy the experience of listening to the Holy Word!
More features:
- You can download it and install it free of charge!
- Simply click on the icon and hear the entire Bible
- Look for the name of the books on the screen of your Bible and easily find chapters and verses
- The user can search verses using keywords
- Customize your Bible saving verses and adding notes
- You can save verses and then put them on a favorite list
- Increase or decrease the font size of the text
- To share the Holy Word, you can send passages to friends by email, SMS or WhatsApp
- You can also post your favorite verses to several social networks as Facebook or Twitter
- If you wish, you can set up night mode to protect your eyes when you are reading at night
It is our hope that this Bible app may be used by God to help you to understand and obey HIS Word.
Below, you have a list of the books and chapters of the Bible:
Old Testament:
- Pentateuch: Genesis, Exodus, Leviticus, Numbers, Deuteronomy.
- Historical Books: Joshua, Judges, Ruth, First Samuel, Second Samuel, First Kings, Second Kings, First Chronicles, Second Chronicles, Ezra, Nehemiah, Esther.
- Books of Wisdom (or Poetry): Job, Psalms, Proverbs, Ecclesiastes, Song of Solomon.
- Books of the Prophets:
Major Prophets: Isaiah, Jeremiah, Lamentations, Ezekiel, Daniel.
Minor Prophets: Hosea, Joel, Amos, Obadiah, Jonah, Micah, Nahum, Habakkuk, Zephaniah, Haggai, Zechariah, Malachi.
New Testament:
- The Gospels: Matthew, Mark, Luke, John.
- History: Acts
- Pauline Epistles: Romans, 1 Corinthians, 2 Corinthians, Galatians, Ephesians, Philippians, Colossians, 1 Thessalonians, 2 Thessalonians, 1 Timothy, 2 Timothy, Titus, Philemon.
- General Epistles: Hebrews, James, 1 Peter, 2 Peter, 1 John, 2 John, 3 John, Jude.
-Apocalyptic writings: Revelation.",https://kjvbibleapp.org/privacy-policy/,evawingertut@gmail.com,https://www.kjvbibleapp.org/
known_dataset_200,regular_everyone,03_regular_everyone.csv,87,a.a.a.a,a,BoD,https://play.google.com/store/apps/details?id=a.a.a.a&hl=en_US&gl=US,Everyone,,Productivity,PRODUCTIVITY,false,false,,1K+,1000.0,,,,,0.1809071120322772,PRODUCTIVITY,others,low,"a
Probably the simplest and quickest way to launch apps:
- Lists apps and favorite contacts
- Most used ones appear at the top of the list
- Keyboard shows up **immediately** so you can start typing to find your item
- Press `Enter` to launch the first item in the list
- Searching for something that's not an app or contact? `Enter` will search the web
- Long tap on an app: show app info, long tap on a contact: launch the SMS app on this contact
- Shows a badge on apps having notifications, and shows them at the top of the list (but you can exclude certain apps from this feature)
- De-prioritize apps to make them appear at the bottom of the list (for apps that aren't used often but can't be uninstalled, e.g. Samsung Browser)
- Shortcuts support
- Dark mode support
- Private Space support
- Invert the list (most used items at the bottom) with a setting
- No widgets, no nonsense (yes, that's a feature)
It's named 'a' because it's the simplest name I could think of.",http://jraf.org/android/privacy-policy.html,BoD@JRAF.org,https://JRAF.org/android
known_dataset_200,regular_everyone,03_regular_everyone.csv,88,a2z.Mobile.Event6481.new,The 78th Midwest Clinic,A2Z Personify LLC,https://play.google.com/store/apps/details?id=a2z.Mobile.Event6481.new&hl=en_US&gl=US,Everyone,,Events,EVENTS,false,false,Contains ads,1K+,1000.0,,,,,0.1809071120322772,EVENTS,others,low,"The 78th Midwest Clinic
This is the mobile app for the 78th Midwest Clinic International Band and Orchestra Conference. In the Session Schedule you can explore information about clinics, performances, handouts and performance programs and favorite those you can’t miss. This app will update in real-time and you will be notified of any changes happening at the event.",https://personifycorp.com/privacy-policy,appsupport@a2zinc.net,
known_dataset_200,regular_everyone,03_regular_everyone.csv,89,a855solution.monorom.app,S.I.S,WINTECH CAMBODIA,https://play.google.com/store/apps/details?id=a855solution.monorom.app&hl=en_US&gl=US,Everyone,,Education,EDUCATION,false,false,,1K+,1000.0,,,,,0.1809071120322772,EDUCATION,others,low,"S.I.S
Sante Phiep E N H International School was established in 2015
By well-known professors, they only recruited professors with years of experience, such as Junior High School Inspector, High School Principal, Primary School And kindergarten students. The Technical Team Leader whose parents and guardians are highly appreciated in the management of education, transfer of knowledge to students in Base Intend students to be fully competent.
- Sante Phiep E N H International School has excellent lecturers, multi-year experience in high quality teaching.
- Educate students to gain knowledge, skills, and behaviors.
- Let your children attend Sante Phiep E N H International School as your right choice.
- We committed to serve your children the best.
- We values people.
- We are partners.
- We are responsive.
- We love children.
- We are professional in transparency.",https://wintech.com.kh/privacy-policy.html,chantha.gnen@gmail.com,http://www.855solution.com/
known_dataset_200,regular_everyone,03_regular_everyone.csv,90,aare.game,Aare - Paasspel,Lorentius,https://play.google.com/store/apps/details?id=aare.game&hl=en_US&gl=US,Everyone,,Adventure,GAME_ADVENTURE,false,false,,1K+,1000.0,,,,,0.1809071120322772,GAME_ADVENTURE,games,low,"Aare - Paasspel
During the Easter period, digital eggs will be distributed in Flanders!
Can you find them all?
The best detectives receive great prizes!
Be sure to keep an eye on our Facebook and Instagram because we regularly post tips!",https://aare-game.be/privacy/,info@lorentius.be,https://aare-tienen.be/
known_dataset_200,regular_everyone,03_regular_everyone.csv,91,aarnav100.developer.compilo,Compilo - Compile / Test code,Aurora Innovation Labs,https://play.google.com/store/apps/details?id=aarnav100.developer.compilo&hl=en_US&gl=US,Everyone,,Tools,TOOLS,false,false,Contains ads,1K+,1000.0,,,,,0.1809071120322772,TOOLS,others,low,"Compilo - Compile / Test code
There is often a need to edit , compile and test your code quickly on the go .
Compilo is here for you . Our user friendly interface provides you quick and easy compilation facility . Type your code , enter test case and get the result quickly with the support of over 50 languages",https://www.freeprivacypolicy.com/live/3020c2ad-3409-4411-a84d-248d5b0e1e47,developer.aarnav100@gmail.com,
known_dataset_200,regular_everyone,03_regular_everyone.csv,92,abstract.wallpapers.art.painting,Abstract Art HD Wallpaper,Rstream Labs,https://play.google.com/store/apps/details?id=abstract.wallpapers.art.painting&hl=en_US&gl=US,Everyone,Mild Fantasy Violence,Personalization,PERSONALIZATION,false,false,In-app purchases,1K+,1000.0,,,,,0.1809071120322772,PERSONALIZATION,others,low,"Abstract Art HD Wallpaper
Transform your phone into a personalized art gallery with stunning abstract wallpapers and HD backgrounds. Discover thousands of curated designs that blend artistic sophistication with modern aesthetics, making every unlock a visual experience that reflects your unique style.
Curated Abstract Art Collections
Explore carefully selected geometric patterns, fluid paintings, minimalist compositions, and bold artistic statements. Each background is handpicked for visual excellence, ensuring your home screen and lock screen display premium art that matches your personality and design preferences.
Live Wallpaper with Interactive Animation
Experience dynamic backgrounds that respond to your touch with smooth animations and interactive elements. These moving wallpapers create immersive visual depth beyond static images, making every swipe and tap more engaging on your device.
HD & 4K Resolution Quality
Every abstract design delivers crisp high resolution optimized for various screen sizes. Whether you prefer vibrant color gradients, cosmic themes, nature-inspired abstracts, or contemporary digital art, each hd wallpaper maintains stunning clarity across devices.
Seasonal & Themed Categories
Browse collections updated with seasonal aesthetics and trending design styles. Create your personal gallery by saving favorite paintings and art backgrounds that speak to your aesthetic vision throughout the year.
Instant Preview & Easy Customization
Visualize how each art wallpaper looks on your phone before applying. This preview functionality helps you confidently personalize your screen without trial and error, saving time while exploring thousands of creative options.
Whether you're seeking minimalist geometric art for a clean aesthetic or bold abstract paintings for dramatic flair, our diverse catalog ensures you'll find the perfect wallpaper to customize your device and express your creative identity with stunning abstract art.
Create your personal gallery by curating favorite designs that speak to your aesthetic vision. Whether you prefer minimalist compositions or bold artistic statements, our diverse collection ensures you'll find wallpapers that perfectly match your individual taste and personality.
As autumn approaches and you prepare for seasonal device refreshes, explore darker abstract themes and fall backgrounds that capture the mysterious beauty of changing seasons. Halloween-inspired dark aesthetic wallpapers add dramatic flair to your screen while maintaining sophisticated artistic appeal.
Experience dynamic live wallpapers that respond to your touch with smooth animations and interactive elements. These engaging backgrounds create an immersive visual experience that goes beyond static images, making every interaction with your device more enjoyable.
Browse curated categories including nature-inspired abstracts, geometric art patterns, cosmic themes, and contemporary digital art. Each wallpaper is optimized for various screen sizes and resolutions, ensuring perfect display quality across different devices.
Regular updates introduce fresh artistic content, seasonal collections, and trending design styles. Stay current with evolving aesthetic trends while maintaining a sophisticated, personalized look that sets your device apart from standard backgrounds.
Instant preview functionality lets you visualize how each abstract wallpaper looks on your specific device before applying. This feature saves time and helps you make confident choices about your screen personalization journey.
Featured in leading design publications for exceptional artistic quality and user experience innovation. Recognized by technology reviewers for seamless performance and creative wallpaper curation that elevates mobile personalization standards.",http://riafy.me/wellness/privacy.php?appname=Abstract%20Wallpaper,contact.rstreamlabs@gmail.com,https://www.ria.rocks
known_dataset_200,regular_everyone,03_regular_everyone.csv,93,absworkout.sixpack.sixpackabs.absexercise,Abs Workout,Hicaltech 87,https://play.google.com/store/apps/details?id=absworkout.sixpack.sixpackabs.absexercise&hl=en_US&gl=US,Everyone,,Health & Fitness,HEALTH_AND_FITNESS,false,false,Contains ads,1K+,1000.0,,,,,0.1809071120322772,HEALTH_AND_FITNESS,others,low,"Abs Workout
Abs Workout is an android application that contains several forms of abdominal muscle training. In this application there are 104 forms of abdominal muscle exercises that can be performed by the user.
Application features:
In this application it is divided into 5 parts with 5 menus available in the main menu.
Users simply choose the button that is available. These 5 buttons are Body weight, weighted, cable, ball, machine.
The form of body weight training consists of 55 exercises.
The form of weighted training consists of 20 exercises.
The form of exercise using a cable consists of 14 exercises.
The form of exercise using the ball consists of 11 exercises.
The form of exercise using a machine consists of 4 exercises.",https://hical-tech87.blogspot.com/p/privacy-policy-abs-workout.html,hical.tech87@gmail.com,https://hical-tech87.blogspot.com
known_dataset_200,regular_everyone,03_regular_everyone.csv,94,abudiapp.sheleg.com,Abudi,Sheleg Software,https://play.google.com/store/apps/details?id=abudiapp.sheleg.com&hl=en_US&gl=US,Everyone,,Business,BUSINESS,false,false,,1K+,1000.0,,,,,0.1809071120322772,BUSINESS,others,low,"Abudi
The app is designed to receive orders from customers of Frozen Fruit Works",https://shelegcrm.com/pirsum/shelegprivacypolicy.html,sales@sheleg.co.il,http://www.sheleg.co.il
known_dataset_200,regular_everyone,03_regular_everyone.csv,95,acvmultimedia.legazpiapp,LegazpiON,ACV multimedia,https://play.google.com/store/apps/details?id=acvmultimedia.legazpiapp&hl=en_US&gl=US,Everyone,Shares Location,Communication,COMMUNICATION,false,false,Contains ads,1K+,1000.0,,,,,0.1809071120322772,COMMUNICATION,social_apps,low,"LegazpiON
Deskargatu LegazpiON APPa eta eraman Legazpiren gaineko informazio guztia zure poltsikoan!
Legazpiko Udalak APP pertsonalizatua sortu du legazpiarrekin dituen komunikazio-harremana sendotzeko. Horretarako, ondorengo aukerak eskaintzen dituen aplikazioa sortu du:
· Berriak, agenda, argazkiak eta bideoak, idatzi udalari, herriko elkarteak, mapa turistikoa, udal zerbitzuen map, part hartzea, hilberriak, telefonoak, garraioa eta eguraldia.",https://www.legazpi.net/terms-and-conditions-sale,info@acvmultimedia.com,http://www.acvmultimedia.com
known_dataset_200,regular_everyone_10_plus,04_regular_everyone_10_plus.csv,96,com.kiloo.subwaysurf,Subway Surfers,SYBO Games,https://play.google.com/store/apps/details?id=com.kiloo.subwaysurf&hl=en_US&gl=US,Everyone 10+,Fantasy Violence,Action,GAME_ACTION,false,false,Contains ads; In-app purchases,1B+,1000000000.0,41.7M reviews,41700000.0,4.6 star,4.6,0.9024561578458328,GAME_ARCADE,games,high,"Subway Surfers
DASH as fast as you can!
DODGE the oncoming trains!
Help Jake, Tricky & Fresh escape from the grumpy Guard and his dog.
★ Grind trains with your cool crew!
★ Colorful and vivid HD graphics!
★ Hoverboard Surfing!
★ Paint powered jetpack!
★ Lightning fast swipe acrobatics!
★ Challenge and help your friends!
Join the most daring chase!
A Universal App with HD optimized graphics.
Originally co-developed by SYBO and Kiloo.",https://sybogames.com/privacy-policy/,help_subwaysurf@sybogames.com,https://sybogames.com/
known_dataset_200,regular_everyone_10_plus,04_regular_everyone_10_plus.csv,97,com.supercell.clashofclans,Clash of Clans,Supercell,https://play.google.com/store/apps/details?id=com.supercell.clashofclans&hl=en_US&gl=US,Everyone 10+,Fantasy Violence,Strategy,GAME_STRATEGY,false,false,In-app purchases,500M+,500000000.0,61.5M reviews,61500000.0,4.5 star,4.5,0.8853190407033356,GAME_STRATEGY,games,high,"Clash of Clans
Join millions of players worldwide. Adventure and perfect your strategy. Build and battle with your Clan in this epic real time multiplayer war game!
Mustachioed Barbarians, fire-wielding Wizards, and other unique troops await your command.
Clash of Clans is free to download and play, however, some game items can also be purchased for real money (including random items). If you don't want to purchase game items for real money, please disable in-app purchases in your device's settings.
Classic Features:
● Build and battle in real time: Customize your layout and level up each building to strengthen your defense in war.
● Assemble an army with countless combinations of spells, troops, and Heroes!
Multiplayer:
● Build a team and battle in Clan Wars against millions of active online players across the globe. Test your fighting skills in the competitive Clan War Leagues and prove your Clan is the best around!
● Collect resources and plunder loot from other players to upgrade your village. Use strategy and smarts to defend your Town Hall building in war!
● ﻿﻿Test your fighting skills in Ranked Mode and take part in competitive online multiplayer battles with players from around the world. Prove your dominance and rise all the way to Legend League.
● Keep your Clan Castle building safe and craft your defense strategy against enemy attacks. Build Towers, Cannons, Bombs, traps, Mortars, and walls to give you the edge in multiplayer battles.
● ﻿﻿Adventure with epic Heroes, like Barbarian King, Archer Queen, Grand Warden, Royal Champion, Minion Prince, Dragon Duke, and Battle Machine.
● Use your Laboratory building to make your troops, spells, and Siege Machines even more powerful in war.
● Flex your strategy in real time: take part in free online multiplayer games. Battle through Friendly Challenges, Friendly Wars, and special live multiplayer war game events.
Single Player:
● Start fighting against the Goblin King in a single-player campaign mode and become a hero of the realm.
● ﻿﻿Learn new strategy tactics and experiment with army combinations and Clan Castle troops in Practice Mode.
Builder Base:
● Adventure to the mysterious shores of Builder Base and discover new buildings, characters, and a whole new way to play.
● Turn your Builder Base into an unbeatable fortress. Build up your defenses and perfect your fighting strategy. Conquer rival players in real time in the online multiplayer Versus Battle war game mode.
What are you waiting for, Chief? Get ready to conquer! Join the adventure today.
A network connection is also required.
If you have fun playing Clash of Clans, you may also enjoy other free multiplayer Supercell games like Clash Royale, Brawl Stars, Boom Beach, and Hay Day. Make sure to check those out!
Support: Chief, are you having problems? Visit https://help.supercellsupport.com/clash-of-clans/en/index.html or contact us in-game by going to Settings > Help and Support.
Privacy Policy: http://www.supercell.net/privacy-policy/
Terms of Service: http://www.supercell.net/terms-of-service/
Parent’s Guide: http://www.supercell.net/parents
The IGRS Rating for this game is 15+
Notice of Access Permission:
[Optional permission]
Clash of Clans may request permission via in-game pop ups to access your camera and send you notifications.
Camera: For in-game scanning of QR codes
Notifications: For sending notifications related to the game
Consent is optional and you can use the app and play the game regardless of whether or not you consent. You may refuse to give consent within the game. However, certain app features may not work properly if you refuse optional access permissions.",https://supercell.com/en/privacy-policy/,gp-info@supercell.com,https://help.supercellsupport.com/clash-of-clans/en/
known_dataset_200,regular_everyone_10_plus,04_regular_everyone_10_plus.csv,98,com.outfit7.mytalkingtomfree,My Talking Tom,Outfit7 Limited,https://play.google.com/store/apps/details?id=com.outfit7.mytalkingtomfree&hl=en_US&gl=US,Everyone 10+,"Mild Fantasy Violence, Crude Humor",Simulation,GAME_SIMULATION,false,false,Contains ads; In-app purchases,1B+,1000000000.0,17.4M reviews,17400000.0,4.3 star,4.3,0.8851248683437362,GAME_CASUAL,games,high,"google_logo Play
Games
Apps
Movies & TV
Books
Kids
search
help_outline
My Talking Tom
Outfit7 Limited
Contains adsIn-app purchases
4.3
star
17.4M reviews
1B+",https://talkingtomandfriends.com/privacy-policy-games/en,support@outfit7.com,https://talkingtomandfriends.com/support/
known_dataset_200,regular_everyone_10_plus,04_regular_everyone_10_plus.csv,99,com.gameloft.android.ANMP.GloftA8HM,Asphalt 8 - Car Racing Game,Gameloft SE,https://play.google.com/store/apps/details?id=com.gameloft.android.ANMP.GloftA8HM&hl=en_US&gl=US,Everyone 10+,Mild Violence,Racing,GAME_RACING,false,false,Contains ads; In-app purchases,500M+,500000000.0,11.9M reviews,11900000.0,4.6 star,4.6,0.8660250239961645,GAME_RACING,games,high,"Asphalt 8 - Car Racing Game
Part of Gameloft’s Asphalt franchise, Asphalt 8 is one of race car games offering an extensive collection of over 300 licensed cars and motorbikes, delivering action-packed races across 75+ tracks. Immerse yourself in the thrilling world of high-speed racing as you jump into the driver's seat.
Explore stunning scenarios and landscapes, ranging from the scorching Nevada Desert to the bustling streets of Tokyo. Compete against skilled racers, conquer exciting challenges, and engage in limited-time special racing events. Prepare your car for the ultimate test and unleash your drifting skills on the asphalt.
Licensed luxury cars and motorcycles
Luxury cars and motorcycles take center stage in Asphalt 8, with an impressive selection of top-tier vehicles from renowned manufacturers like Lamborghini, Bugatti, Porsche, and more. Experience the power of over 300 high-performance cars and motorcycles, alongside a wide variety of racing motorbikes. Customize and design your race cars and motorcycles to stand out from the crowd. Collect special-edition cars, explore diverse worlds and scenarios, all while perfecting your drifting technique.
Show your racing style
Showcase your unique racing style by unleashing your creativity and customizing your racer avatar. Mix and match clothes and accessories to craft a one-of-a-kind look that complements your car. Let your personality shine through as you dominate the racetrack.
Get airborne with Asphalt 8
Prepare for exhilarating gravity-defying action in Asphalt 8. Take your race to the skies as you hit ramps and perform breathtaking barrel rolls and 360° jumps. Compete against other racers or challenge yourself in single-player mode, executing daring mid-air maneuvers and stunts in your car or motorcycle to maximize your speed. Customize your controls and on-screen icons to suit your playstyle, ensuring victory in every race.
Endless content for speed enthusiasts
Fuel your racing passion with a constant stream of fresh content. Experience regular updates, unlock powerful car upgrades, and dominate the competitive circuit. Explore seasons, engage in live events, and discover unique game modes. Compete in limited-time Cups to win valuable prizes, including early access to the latest cars and motorbikes.
Multiplayer and single-player racing thrill
Immerse yourself in thrilling multiplayer and single-player races. Join the multiplayer community, compete in the World Series, and challenge skilled opponents. Earn points, unlock prizes, and feel the adrenaline in limited-time racing events and racing passes. Fight for victory and savor the intensity of each race.
_____________________________________________
Don't forget to follow us on social media:
Discord: https://gmlft.co/A8-dscrd
Facebook: https://gmlft.co/A8-Facebook
Twitter: https://gmlft.co/A8-Twitter
Instagram: https://gmlft.co/A8-Instagram
YouTube: https://gmlft.co/A8-YouTube
Visit our official site at http://gmlft.co/website_EN
Check out the new blog at http://gmlft.co/central
This app allows you to purchase virtual items within the app and may contain third-party advertisements that may redirect you to a third-party site.
Privacy Policy: http://www.gameloft.com/en/privacy-notice
Terms of Use: http://www.gameloft.com/en/conditions-of-use
End-User License Agreement: http://www.gameloft.com/en/eula",http://www.gameloft.com/privacy-notice/,android.support@gameloft.com,http://www.gameloft.com/
known_dataset_200,regular_everyone_10_plus,04_regular_everyone_10_plus.csv,100,com.amanotes.beathopper,Tiles Hop Music & Ball Game,AMANOTES PTE. LTD.,https://play.google.com/store/apps/details?id=com.amanotes.beathopper&hl=en_US&gl=US,Everyone 10+,Lyrics,Music,GAME_MUSIC,false,false,Contains ads; In-app purchases,500M+,500000000.0,3.35M reviews,3350000.0,4.3 star,4.3,0.8435916328557397,GAME_MUSIC,games,high,"Tiles Hop Music & Ball Game
Exciting arcade games and music games! Love Going Balls or Dancing Line? Master this rhythm rush. A new piano game where your music ball hits every tile. A test for fans of rhythm games and ball games.
This piano game is about timing. Guide your music ball across music tiles, like a guitar hero. Each tile is part of the song. An engaging piano game and top-tier music game. Adventure across endless music tiles. Experience the ultimate rhythm rush on every tile. The ultimate music game experience.
🎵 Why You'll Love This Music Game:
Intense Arcade & Ball Games Action: Thrilling arcade games and ball games with rhythm mechanics. A top-tier piano game and music game.
Inspired by Greats: Enjoy Going Balls, Dancing Line, or Guitar Hero? You'll love these rhythm games and music games.
Master Music Tiles: Every tile challenges your music ball. Unpredictable music tiles path in these dynamic piano games and ball games.
True Rhythm Rush: More than a piano game, a full rhythm rush. For fans of rhythm games and music games.
Feel Like a Guitar Hero: Hit every note on each tile with your music ball. Become a legend in these arcade games.
Download the Best of Music Games Now!
Looking for a new piano game or challenging arcade games and ball games? Master the music tiles, conquer every tile, and feel the rhythm rush. Prove your rhythm games skills in this amazing music game!",http://amanotes.com/privacy-policy/,pama.support@amanotes.com,http://amanotes.com
known_dataset_200,regular_everyone_10_plus,04_regular_everyone_10_plus.csv,101,flipboard.app,Flipboard:Your Social Magazine,Flipboard,https://play.google.com/store/apps/details?id=flipboard.app&hl=en_US&gl=US,Everyone 10+,Users Interact,News & Magazines,NEWS_AND_MAGAZINES,false,false,Contains ads,500M+,500000000.0,1.41M reviews,1410000.0,3.4 star,3.4,0.8143726236269954,NEWS_AND_MAGAZINES,others,high,"Flipboard:Your Social Magazine
Get all the headlines and dive deep into the stories that matter to you with the award-winning Flipboard app. Flipboard is filled with the latest articles, videos and insights, curated by experts, on thousands of topics like business, health, sports, tech and travel.
Personalize Flipboard by selecting topics or following people on federated social networks like Threads and Mastodon to get just the content you care about. You can even follow local news and events. Just enable location services to get a list of towns and cities near you.
Collect stories you like into your own Flipboard Magazine. Use the + (plus) button on any story in Flipboard to add it to your own Magazine. Make your Magazine public to share ideas and insights with an ever-growing community of enthusiasts curating on Flipboard.
USE FLIPBOARD TO:
• Keep up on all your interests with the latest stories from leading national publishers including Associate Press, The Washington Post, ESPN, National Geographic, NPR, TIME, The Atlantic, BBC, CBS, NBC and thousands more.
• Follow your city for local updates on COVID-19 as well as other regional news, weather, commute, sports, and dining.
• Curate stories you find informative or inspiring and share with others: Use the + (plus) button on any article to save it to your own Flipboard Magazine.
• Follow other experts and enthusiasts who are curating about topics you love.
• Turn on notifications and use the Flipboard widget to get stories delivered to you everyday.
GET FLIPBOARD IN YOUR INBOX:
Get the amazing content and curation on Flipboard delivered to your Inbox. There’s a Flipboard Newsletter for all of our most popular topics. Sign up for The Tastiest for foodies, the Tech Briefing for tech enthusiasts, the Climate Briefing for environmental news, Wanderlust for travelers, The Shot for photographers and many more.
Visit flipboard.com/newsletters to view and subscribe to all of the Flipboard Newsletters.
KEEP UP WITH FLIPBOARD:
For product updates, the latest from our blog, and tips on how to use Flipboard, follow us on Flipboard and other social platforms:
https://flipboard.com/@flipboard
www.twitter.com/@flipboard
www.facebook.com/Flipboard
https://www.instagram.com/flipboard/
We’d love to hear what you think! Reach out to our support team under Settings > Help & Feedback. For any other technical issues or questions, contact us at http://flip.it/help .",https://about.flipboard.com/privacy-policy/,play-store-support@flipboard.com,https://about.flipboard.com/help-center/
known_dataset_200,regular_everyone_10_plus,04_regular_everyone_10_plus.csv,102,com.nekki.vector,Vector,NEKKI,https://play.google.com/store/apps/details?id=com.nekki.vector&hl=en_US&gl=US,Everyone 10+,Fantasy Violence,Sports,GAME_SPORTS,false,false,Contains ads; In-app purchases,100M+,100000000.0,3.68M reviews,3680000.0,4.7 star,4.7,0.80596649947422,GAME_ARCADE,games,high,"Vector
In the gloomy world of the distant future, the freedom and will of man is suppressed by the all-powerful Big Brother – a totalitarian regime that watches your every move. But you're not going to be a submissive slave of the system, are you? Time to run!
Vector is a parkour-themed runner from the creators of the legendary Shadow Fight series, and it's back in a remastered version! Become a real urban ninja, hide from your pursuers, and break free... now with updated style!
COOL TRICKS
Slides and somersaults: discover and perform dozens of moves from real tracers!
USEFUL GADGETS
Boosters will help you achieve any goals. Use them to elude pursuit and get the coveted 3 stars!
A CHALLENGE FOR EVERYONE
Vector is easy to master even for a novice player, but veterans of the genre will also find complex challenges for themselves. Surpass yourself!
MEGAPOLIS OF THE FUTURE
The maze-like city will try to keep you in. Explore a new location, as well as dozens of detailed levels, including some never seen before, and break free!
NEW MODES
There is always something to do in Vector. Every day a new special level awaits you: complete it or test your strength in increased difficulty mode!
VISUAL UPGRADE
Thanks to the improved interface and updated graphics, immersing yourself in the atmosphere of an adrenaline chase is even easier. Take the leap to freedom!
BECOME PART OF THE COMMUNITY
Share your achievements with other players and follow the development of the game!
Facebook: https://www.facebook.com/VectorTheGame
Twitter: https://twitter.com/vectorthegame",https://nekki.com/en/legal/privacy/,support@nekki.mail.helpshift.com,http://www.nekki.com
known_dataset_200,regular_everyone_10_plus,04_regular_everyone_10_plus.csv,103,com.outfit7.talkingtom2free,Talking Tom Cat 2,Outfit7 Limited,https://play.google.com/store/apps/details?id=com.outfit7.talkingtom2free&hl=en_US&gl=US,Everyone 10+,"Fantasy Violence, Comic Mischief",Entertainment,ENTERTAINMENT,false,false,Contains ads; In-app purchases,100M+,100000000.0,3.35M reviews,3350000.0,4.3 star,4.3,0.796748462874295,ENTERTAINMENT,others,high,"google_logo Play
Games
Apps
Movies & TV
Books
Kids
search
help_outline
Talking Tom Cat 2
Outfit7 Limited
Contains adsIn-app purchases
4.3
star
3.35M reviews
100M+",https://talkingtomandfriends.com/privacy-policy-games/en,support@outfit7.com,https://talkingtomandfriends.com/support/
known_dataset_200,regular_everyone_10_plus,04_regular_everyone_10_plus.csv,104,com.unicostudio.braintest2new,Brain Test 2: Tricky Stories,Unico Studio,https://play.google.com/store/apps/details?id=com.unicostudio.braintest2new&hl=en_US&gl=US,Everyone 10+,"Fantasy Violence, Mild Blood",Puzzle,GAME_PUZZLE,false,false,Contains ads; In-app purchases,100M+,100000000.0,1.72M reviews,1720000.0,4.7 star,4.7,0.7961059274437443,GAME_TRIVIA,games,high,"Brain Test 2: Tricky Stories
➤With over a zillion downloads, Brain Test: Tricky Puzzles redefined brain games. Now get more of the same exciting riddles and funny tests with Brain Test 2! If you like tricky games, riddles or brain games, then Brain Test 2 with tricky tests is a great exercise for your brain. If you enjoy tricky test challenges and solving brain puzzles, this game is the perfect exercise for your mind as it challenges players with a variety of intriguing riddles, puzzle games, and brain teasers. Brain Test 2 is one of the fun offline brain games from the makers of Brain Test: Tricky Puzzles, Brain Test 3: Tricky Quests, Brain Test 4: Tricky Stories and Who Is? Brain Teaser & Riddles.
➤Brain Test is an addictive free tricky brain puzzle game with a series of tricky brain teasers for a relaxing brain out. These offline mind games, brain games, IQ tests, thinking games and puzzle games are perfect for those who love brain exercises! Enjoy brain games for adults and brain teasers.
➤Get ready to be bamboozled with all-new mind-twisting puzzles, including scenarios that require you to brain out and face brain test challenges. In this new brain game, puzzles have stories with colorful characters. Defeat the Lion King with Tom the Cat, cultivate your farm with Emily, or hunt monsters with Joe in these engaging brain test games. It is an easy to play, but hard to master game as there are various layers of difficulty with the tricky puzzle system. There are hundreds of story based mind games, IQ puzzles and quiz games. Brain Test 2 is a funny and tricky addition to the offline puzzle games of the world.
➤Brain Test 2 is an addictive free tricky puzzle game with a series of tricky brain teasers. Different riddles tests will challenge your mind. This new puzzle game may break common sense and test your brain with outside the box solutions. You can enjoy this funny free IQ game by yourself or with your friends as you can try to pass the levels together. Get ready to take the quiz! Are you ready for a brain wash with funny riddles? Brain games and iq games are for improving the brain. You can start playing this tricky and exciting brain teaser puzzle game right now to enjoy it completely offline.
➤This free brain game is one of the best puzzle games for adults. It is suitable for all ages and serves as an excellent brain training tool. The game's mix of challenging riddles, brain teasers, mind games, and IQ games makes it a delightful brain exercise.
➤If you are a fan of the word game genre, word search game, puzzle, sudoku or any other quiz games, Brain Test is a good choice for you! Play hundreds of amazing jigsaw puzzles for your brain out of classic brain games. Find out if this game is an easy game!
⭐FEATURES⭐
● Tricky & Mind-blowing Brain Teasers: You will be tricked! ● Unexpected game answers to the great number of quizzes.
● Fun for All Ages: A great trivia game for family & friends’ gatherings!
● Download this funny game for free.
● Lots of fun and brain-pushing games.
● Great exercise for the brain.
● Simple and highly addictive gameplay.
● Great time filler.
● Play offline.
● Sequel to the popular Brain Test: Tricky Puzzles.
● Logic games, Brain Go, brain quiz and IQ games.
● Improve your brain out of any classic riddles.
● Offline mind game & easy game for brain training.
● Puzzle games for adults and brain teaser games for brain training.
Have fun and be ready for Brain Test 3!",https://unicostudio.co/privacy.html,support@unicostudio.co,https://unicostudio.co/
known_dataset_200,regular_everyone_10_plus,04_regular_everyone_10_plus.csv,105,com.chillingo.robberybobfree.android.row,Robbery Bob - King of Sneak,Deca_Games,https://play.google.com/store/apps/details?id=com.chillingo.robberybobfree.android.row&hl=en_US&gl=US,Everyone 10+,"Mild Violence, Crude Humor",Adventure,GAME_ADVENTURE,false,false,Contains ads; In-app purchases,100M+,100000000.0,1.75M reviews,1750000.0,4.4 star,4.4,0.7903301012677901,GAME_ACTION,games,high,"Robbery Bob - King of Sneak
Introducing the legendary thief…
Play as Bob in this game, the sneaky burglar with a good heart. Unfortunately for Bob, however, he's going to be forced into a few final jobs before he's allowed out of the criminal life.
Robbery Bob is a fun and humor packed adventure stealth game that will get you into luxurious villas and past puzzles filled with guards, dogs and other enemies to come out with your pockets full of loot! And it's Free to Play game!
FEATURES
These are just some of the things that make Robbery Bob such a fun stealth puzzle game to play:
• SUPER SNEAKY
Sneak past security guards, residents and sleeping dogs as you rob the loot in each stage. Use your ninja and also puzzle solving skills to hide in some tight squeezes and avoid getting detected as a thief.
• EXPLORE DIFFERENT MAPS
Your sticky-fingered missions involving stealth and puzzles will take you through a local neighbourhood, Downtown, and even through some secret labs. Can you get a perfect on every one? Can Rob the legendary thief rob every item in the level?
• PLAY FOR THE LOOT
Bob is going to have to steal and rob everything from secret documents, to old pairs of clothes, to those always hard-to-find TV remotes!
• CRIME IS A FUNNY OLD GAME
Get engrossed in the comical funny storyline featuring hilarious animations, a fun script, rewarding puzzles and a genuinely twisting narrative and a lot of robbing!
Download and play for free! Don't forget to be stealthy!",https://support.decagames.com/hc/en-us/articles/360057072132-Privacy-Policy,support@decagames.com,https://decagames.com
known_dataset_200,regular_everyone_10_plus,04_regular_everyone_10_plus.csv,106,com.media720.games2020,Offline Games No WiFi internet,Fun Offline Games,https://play.google.com/store/apps/details?id=com.media720.games2020&hl=en_US&gl=US,Everyone 10+,"Fantasy Violence, Mild Blood, Alcohol Reference",Casual,GAME_CASUAL,false,false,Contains ads; In-app purchases,100M+,100000000.0,615K reviews,615000.0,4.6 star,4.6,0.7807726050886135,GAME_CASUAL,games,high,"Offline Games No WiFi internet
Looking for a relaxing and entertaining way to pass the time without an internet connection? ""100+ Offline Games No WiFi Fun"" offers a carefully curated collection of puzzles and games designed to keep you engaged and entertained wherever you are. Whether you're traveling, commuting, or just unwinding at home, this app delivers endless offline fun.
Why Choose This App?
Huge Selection of Games: Enjoy over 100 diverse puzzles and challenges, ranging from classic card games to creative brainteasers.
No Internet Required: Play anytime, anywhere without worrying about connectivity or data usage.
Engaging for All Ages: Perfect for fans of strategy, logic, and casual games, with options for every preference.
Seamless Experience: Optimized for smooth performance and minimal battery drain, ensuring hassle-free play.
Key Features:
Wide Variety of Puzzles: From classics like Solitaire to innovative block challenges, there’s something for everyone.
Offline Gameplay: Enjoy your favorite puzzles without needing WiFi or mobile data.
Challenging and Rewarding Levels: Test your skills with levels designed to keep you entertained and motivated.
Fresh Content: Regular updates bring new games and puzzles to explore.
High-Quality Visuals: Vibrant graphics and animations make each game visually appealing and enjoyable.
Game Highlights:
Block Challenges: Strategize and clear the board with fun and engaging block puzzles.
Solitaire and Variants: Master timeless card games with exciting twists.
Creative Puzzles: Enjoy unique challenges designed to stimulate your mind and provide hours of entertainment.
What Sets It Apart:
Efficient Design: Battery-friendly and lightweight, perfect for extended play sessions.
Universal Appeal: Suitable for players of all ages, making it ideal for families and individuals alike.
Play Anywhere: From remote locations to everyday downtime, this app is always ready to entertain.
How to Maximize Your Experience:
Stay Updated: Regularly check for updates to access new puzzles and features.
Try Different Modes: Explore various activities to keep your experience dynamic.
Compete with Friends: Share your progress and challenge friends to beat your scores.
Start Playing Today:
Install ""100+ Offline Games No WiFi Fun"" and explore a world of offline puzzles and games tailored to your preferences. Perfect for every moment when you want to enjoy quality entertainment without the need for an internet connection.
Experience gaming freedom anytime, anywhere. Get started now!",http://appwill.top/games720/privacy_policy.html,info@720.media,http://720.media
known_dataset_200,regular_everyone_10_plus,04_regular_everyone_10_plus.csv,107,com.blacklightsw.ludo,Ludo Superstar - Fun Game,BlackLight Studio Games,https://play.google.com/store/apps/details?id=com.blacklightsw.ludo&hl=en_US&gl=US,Everyone 10+,Use of Tobacco,Board,GAME_BOARD,false,false,Contains ads; In-app purchases,100M+,100000000.0,463K reviews,463000.0,4.6 star,4.6,0.7770920797818885,GAME_BOARD,games,high,"Ludo Superstar - Fun Game
Ludo SuperStar offers an ultimate online Ludo Game experience, bringing the classic Ludo board game to new heights. Challenge your friends and family in exciting dice game matches and become the ultimate Ludo King.
👉 Game Features:
✦ Live Match : Experience the thrill of live matches with global players - anytime, anywhere!
✦ Voice Chat : Enjoy Free voice chat feature with Friends.
✦ Multiplayer Fun: Connect with friends and family and enjoy real-time Ludo game matches.
✦ Customise your gaming experience with premium Assets and change the look and feel of the game.
✦ Explore various game modes: Classic, Fast, Team, and more!
✦ Social Connectivity: Link your Facebook account to play across multiple devices effortlessly and save your game progress and levels.
✦ Data-Friendly: Optimised for low data usage, ensuring smooth gameplay on 2G, 3G, 4G and 5G networks.
✦ Gifts & Chat: Send gifts and chat with other players while you play.
✦ Daily Bonuses: Claim free coins with our Daily Bonus and Lucky Dice features to keep the fun going!
👉 Why Ludo SuperStar?
✅ Stunning Graphics: Enjoy vibrant colors and beautifully designed boards and dice.
✅ Global Competition: Climb the leaderboard and prove your skills against players worldwide.
✅ Easy to Learn, Hard to Master: Ideal for all ages with a blend of strategy and luck.
✅ Spin the Wheel and Get FREE coins & Gems Daily!
👉 Categories:
🎲 Dice Games
🎲 Board Games
🎲 Fun Games
🎲 Quick Games
Looking for hours of fun on your phone? Install Ludo SuperStar and enjoy this board game from Blacklight Studio Works, developers of Carrom SuperStar and CallBreak Multiplayer. Experience vibrant, beautiful colors and captivating board and dice designs right on your mobile device.
Ludo is also called Pachisi, Parcheesi, Chopat, ludo Chakka, Chaupur, Lido, Lodo, lado, lodo and iodo. This is a Best Free board game to download from your Google Play Store. What are you waiting for? Roll the dice and become the Ludo SuperStar you were born to be!
For more details, visit: ludo.ooo",https://ludo.ooo/bsw-game/privacy-policy,bsw@bswgames.com,https://ludo.ooo/
known_dataset_200,regular_everyone_10_plus,04_regular_everyone_10_plus.csv,108,ro.activesoft.ziarecom.ziareapp,Ziare.com,Machteam Soft,https://play.google.com/store/apps/details?id=ro.activesoft.ziarecom.ziareapp&hl=en_US&gl=US,Everyone 10+,Users Interact,News & Magazines,NEWS_AND_MAGAZINES,false,false,Contains ads,100K+,100000.0,5.79K reviews,5790.0,4.4 star,4.4,0.515237540454806,NEWS_AND_MAGAZINES,others,medium,"Ziare.com
News that really matters
Ziare.com app brings to you the most interesting Romanian and world news feed, updated 24 hours a day, 7 days a week.
Browse easily through hundreds of news and useful information on Ziare.com, read exclusive stories and always be the first to know when something's happening.
Now you can see photos and video content and you cand share on Facebook and Twitter the things you like.
Install our free app and you'll get:
- only news you really want to read
- severe weather alerts & warnings
- all the other top newspapers
- news reports from your town
- live breaking news alerts
- live traffic and road conditions
- exchange rates, weather forecast and horoscope
E-mail us at mobileapp@ziare.com for any suggestions, feedback or requests you have regarding the Ziare.com app.",http://www.ziare.com/termeni-si-conditii,mobileapp@ziare.com,http://www.ziare.com/
known_dataset_200,regular_everyone_10_plus,04_regular_everyone_10_plus.csv,109,com.V.ActionShooter,Uprising: Survivor RPG,VERARIUM,https://play.google.com/store/apps/details?id=com.V.ActionShooter&hl=en_US&gl=US,Everyone 10+,"Fantasy Violence, Mild Blood",Role Playing,GAME_ROLE_PLAYING,false,false,Contains ads; In-app purchases,100K+,100000.0,6.7K reviews,6700.0,4.3 star,4.3,0.5151297182961517,GAME_ROLE_PLAYING,games,medium,"Uprising: Survivor RPG
Uprising is a top-down action RPG featuring a full-fledged story, a large cast of characters, numerous locations, and open-world elements.
The Story:
This is a rare game with a complete narrative, featuring main and side quests, well-developed characters, and thought-provoking questions for the player. Become a hero of the Resistance against alien invaders and shape history in a post-apocalyptic world filled with danger and difficult moral choices!
Richness:
The main map consists of over 20 major locations. Additionally, players will embark on more than 30 side missions, many of which span multiple levels.
The game features over 100 types of enemies and more than 20 weapons for the player. Zombies, aliens, combat robots, mutant dogs, turrets, tanks, and even golf carts – you'll encounter all kinds of foes in this game!
At a certain point, players can even start customizing their personal hideout, choosing from hundreds of available items.
Simplicity:
The game can be played with just one finger. You can customize the on-screen button layout. You can disable unnecessary elements on the screen. All designed for your convenience!
Challenge:
This game is forgiving of mistakes and easy to control, but it will still require your best effort if you aim to complete missions on your first try. In an era of idle mechanics and ""calculator-style"" gameplay prevalent in many other games, we want to challenge the player, to let them once again feel the importance of their own skill and their direct contribution to progressing through the game.",https://www.ysocorp.com/privacy-policy,marketing@verariumgames.com,http://verariumgames.com
known_dataset_200,regular_everyone_10_plus,04_regular_everyone_10_plus.csv,110,com.titan.tplake,Lakes Jigsaw Puzzles,Titan Puzzles,https://play.google.com/store/apps/details?id=com.titan.tplake&hl=en_US&gl=US,Everyone 10+,Fantasy Violence,Puzzle,GAME_PUZZLE,false,false,Contains ads; In-app purchases,100K+,100000.0,3.09K reviews,3090.0,4.8 star,4.8,0.5150983538026987,GAME_PUZZLE,games,medium,"Lakes Jigsaw Puzzles
Lakes Jigsaw Puzzles game is about beautiful lake scenery! It is a fun jigsaw puzzle game.
Features:
1. 4 puzzle types, including switch, shuffle, rotate and regular jigsaw
2. 9 to 1600 pieces.
2. Save to the gallery
3. Change the background
4. Pinch to zoom
5. Landscape view(Premium version).
Join us on Facebook:
http://facebook.com/Titan.Jigsaw.Puzzles",http://www.titanitc.com/privacy.htm,titan.info.tech.co@gmail.com,http://www.titanitc.com
known_dataset_200,regular_everyone_10_plus,04_regular_everyone_10_plus.csv,111,com.megoogames.zombie,Zombie must die: Tower Defense,Megoo Games,https://play.google.com/store/apps/details?id=com.megoogames.zombie&hl=en_US&gl=US,Everyone 10+,Fantasy Violence,Casual,GAME_CASUAL,false,false,Contains ads; In-app purchases,100K+,100000.0,10.6K reviews,10600.0,4.0 star,4.0,0.5150763810584194,GAME_CASUAL,games,medium,"Zombie must die: Tower Defense
Warriors, are you prepared to confront the zombie army? Lead your team and use wits and strategy to fend off the waves of zombies! Assemble an unstoppable squad and fight alongside your trusty pets in this survival battle. Embark on this thrilling adventure, challenge yourself, and emerge victorious to become a true hero!
Survival Fleet in Last Stand
In this intense three-minute battle, take the challenge and become the town's hero! Build your team wisely, break through enemy lines, and enjoy the thrill of diverse strategies.
Rally Teammates with School Support
Choose the School, assemble strong allies, and take on the fight! With heroes of unique abilities by your side, maximize teamwork and seize victory!
Ultimate Fun with Diverse Gameplay
Whether you're a co-op master or a solo adventurer, the game offers a variety of modes to keep the excitement going!
Joyful Pet Companions
Adorable pets will join you on your journey, bringing delights and aiding you in overcoming foes to achieve success!
Get Fortune and Win Effortlessly
Enjoy the thrill of success and the joy of victory with diverse rewards, abundant items, gear, and resources at your fingertips!
◈◈◈◈◈◈◈◈◈◈◈◈◈◈◈◈◈◈◈◈◈◈◈◈◈◈◈◈◈
Facebook: https://www.facebook.com/megoogames.zombie
Discord: https://discord.gg/XNXHxRBhWT
Privacy Policy: https://www.megoogames.com/html/privacy_en.html",https://www.megoogames.com/html/privacy_en.html,cs@megoogames.com,https://www.megoogames.com
known_dataset_200,regular_everyone_10_plus,04_regular_everyone_10_plus.csv,112,com.phantra.horseracing,Dua Ngua,Tra Phan,https://play.google.com/store/apps/details?id=com.phantra.horseracing&hl=en_US&gl=US,Everyone 10+,Gambling Themes,Simulation,GAME_SIMULATION,false,false,Contains ads,100K+,100000.0,3.58K reviews,3580.0,4.7 star,4.7,0.5150060324962639,GAME_SIMULATION,games,medium,"google_logo Play
Games
Apps
Movies & TV
Books
Kids
search
help_outline
Dua Ngua
Tra Phan
Contains ads
4.7
star
3.58K reviews
100K+",https://buxugame.com/privacy.html,phantra0893@gmail.com,https://buxugame.com
known_dataset_200,regular_everyone_10_plus,04_regular_everyone_10_plus.csv,113,com.mizo.helicopter.rescue,Helicopter Rescue Game,Mizo Studio Inc,https://play.google.com/store/apps/details?id=com.mizo.helicopter.rescue&hl=en_US&gl=US,Everyone 10+,Fantasy Violence,Strategy,GAME_STRATEGY,false,false,Contains ads; In-app purchases,500K+,500000.0,835 reviews,835.0,3.3 star,3.3,0.5149887600658967,GAME_STRATEGY,games,medium,"Helicopter Rescue Game
Exciting helicopter rescue game with copter and heli, introduced first time in helicopter pilot flight simulator, making the helicopter simulator game special.
Welcome to helicopter rescue game. You might have played helicopter pilot game but this real helicopter rescue simulator comes with a different set of challenges and missions. Combining the thrill of rescue helicopter game to training element of real helicopter simulator, this combo of flight simulator and helicopter rescue game teaches you how to fly the copter and perform heli rescue duties as a helicopter game pilot not seen in many helicopter simulator games. You will transport the accident victims to the hospital in emergency situation in helicopter rescue game and use your copter to airlift cars, trucks and other destroyed vehicles to the scrapyard in helicopter simulator game. Your target of flying rescue helicopter to different locations in tight timelines with multiple flight simulator tasks & helicopter game hurdles makes this helicopter wala game one of the best helicopter games & top chopper game. If this sounds exciting & you are willing to experience flight simulator with rescue and flying missions of helicopters, then helicopter rescue simulator game is exactly what you are looking for.
Rescue helicopter game for real pilot! Become a part of real helicopter resque simulator squad for rescue missions in this flight simulator which has an extensive heli fleet like no other helicopter pilot game or helicopter simulator game. Variety of helicopters include Lakota, hughes and eurocopters, which serve as optimal air ambulance copters in helicopter wala game like pilot game or a flight simulator. The copter controls are much different from army helicopters or police helicopters. No helicopter pilot game incorporate copter rescue missions as done in real helicopter simulator giving it a feel of full flight simulator. Fly your helicopter to the accident location and manage heli rescue by transporting the patients to hospitals and airlifting crashed cars to scrapyard as a helicopter transporter in helicopter pilot game. You might have enjoyed other flying helicopter games, pilot game or flight simulator games but a combination of all this with helicopter simulator offline & rescue helicopter game qualifies it for best helicopter game entailing helicopter rescue simulator missions. So get ready to conquer the skies with helicopter game.
Helicopter pilot game that has full flight simulator feel. Realistic helicopter simulator game models with response controls and detailed environment makes helicopter game highly engaging. Practice swift take off and stable helicopter transporter movement for perfect helicopter rescue simulator operation. If you think you are ready for non-stop helicopter rescue game action, download helicopter flight pilot simulator now!
Helicopter rescue game features:
🚁 Detailed 3D helicopter ambulance models like in full flight simulator
🚁 Engaging chopper game rescue mission animations and realistic sound effects
🚁 Challenging heli escape and heli copter game rescue missions
🚁 Perfectly tuned helicopter rescue simulator controls for best helicopter game experience
🚁 Unique helicopter game mission like airlifting damaged trucks unseen in flight simulator
🚁 Highly detailed helicopter wala game environment with hilly terrain, unseen in any helicopter pilot game",http://www.mizostudio.com/privacy-policy.htm,mizostudioinc@gmail.com,http://www.mizostudio.com
known_dataset_200,regular_everyone_10_plus,04_regular_everyone_10_plus.csv,114,com.arvatis.motorsporttotal,Motorsport-Total.com,sport media group GmbH,https://play.google.com/store/apps/details?id=com.arvatis.motorsporttotal&hl=en_US&gl=US,Everyone 10+,,Sports,SPORTS,false,false,Contains ads,100K+,100000.0,8.81K reviews,8810.0,4.1 star,4.1,0.5146786483167527,SPORTS,others,medium,"Motorsport-Total.com
Whether Formula 1, MotoGP, DTM, GT Masters, formula racing or rally - with the app from Motorsport-Total.com you will be in pole position in the 2024 motorsport season!
From current and exclusive news to the hottest rumors to videos, photos and results from training, qualifying and races - with our app you are well informed around the clock.
And so that you don't miss anything on the go, there are other news tickers available in addition to our classic Formula 1 live ticker. Here we follow what is happening on and off the racetrack in F1, MotoGP and other top events such as the Indy 500 or the 24h races at the Nürburgring and Le Mans.
Get started now and get Motorsport-Total.com on your smartphone or tablet! And as befits motorsport, the new Motorsport-Total.com app is constantly being developed. If you have any problems with our brand new app or have ideas on how we can improve it, please send an email to apps@motorsport-total.com. This is the fastest way for us to react.
◆ YOUR FEEDBACK IS WANTED! ◆
If you are satisfied with our app, we look forward to your positive rating in the AppStore and your recommendation.
If you would like to support us with criticism or suggestions for improvement, we would be happy to receive an email at apps@motorsport-total.com.
◆ LICENSE NOTICE ◆
This app is unofficial and is not associated in any way with the Formula 1 companies. F1, FORMULA ONE, FORMULA 1, FIA FORMULA ONE WORLD CHAMPIONSHIP, FORMULA 1, GRAND PRIX and related marks are trademarks of Formula One Licensing BV. The trade mark FORMULA 1 is used under license. All rights reserved.",http://www.motorsport-total.com/ipap/datenschutzerklaerung-f1de-mst-apps.html,apps@motorsport-total.com,https://www.motorsport-total.com
known_dataset_200,regular_everyone_10_plus,04_regular_everyone_10_plus.csv,115,biblia_da_mulher.biblia_sagrada_feminina.audio_mp3.offline_gratis,Bíblia Para Mulher - Feminina,Holy Quran Apps,https://play.google.com/store/apps/details?id=biblia_da_mulher.biblia_sagrada_feminina.audio_mp3.offline_gratis&hl=en_US&gl=US,Everyone 10+,,Books & Reference,BOOKS_AND_REFERENCE,false,false,Contains ads,100K+,100000.0,5.4K reviews,5400.0,4.4 star,4.4,0.5143336509767424,BOOKS_AND_REFERENCE,others,medium,"Bíblia Para Mulher - Feminina
Bible Women, a female version that brings the Bible text and audio MP3, Read and hear the Bible anywhere, beautiful version made for wise and virtuous woman.
The ""Bible Women"" also back: PRAYERS AND MESSAGES DAILY Bible withdrawals beyond Bible Verses and Words of Wisdom for your day to day, you can share in WhatsApp with friends, groups and family.
With READING PLAN, you have a guide to reading the Bible in a concrete way, the SEARCH THE BIBLE allows you to find the wisdom that searches the word of God.
NAMES DICTIONARY OF BIBLE, BIBLICAL PLACES AND WORDS BIBLICAL.
Learn more and improve your Bible study with the answers that the three dictionaries of the Bible back to you.
PRAYER REQUESTS: without measure Blessings are at your disposal, we will pray for you!
GOSPEL RADIO: Listen to the best radio gospel, edify your day with the word of the Lord in song.",https://www.alrapps.com.br/privacy/,admin@alrapps.com.br,https://www.alrapps.com.br/
known_dataset_200,regular_everyone_10_plus,04_regular_everyone_10_plus.csv,116,io.mapgenie.division2map,MapGenie: Division 2 Map,Map Genie,https://play.google.com/store/apps/details?id=io.mapgenie.division2map&hl=en_US&gl=US,Everyone 10+,Violent References,Entertainment,ENTERTAINMENT,false,false,Contains ads; In-app purchases,100K+,100000.0,3.33K reviews,3330.0,4.7 star,4.7,0.514067804653011,ENTERTAINMENT,others,medium,"MapGenie: Division 2 Map
A fan-made map for TD2. We've collected hundreds of important locations into one simple map, so you can quickly find what you're looking for!
FEATURES:
• Over 100 locations - weapon crates, collectibles, keys, dark zone crates, SHD tech & more! We're adding more locations as we find them in the Open Beta
• Quicksearch - just type the name of a location to quickly find what you're looking for.
• Sync progress with the website: https://division2map.com
• Progress Tracker - mark locations as found and track the progress of your collectables.
• Take Notes - mark places of interest by adding notes to the map.
If you find a bug, or have any suggestions for the app, please use the 'Send Feedback' option below to let us know!
Disclaimer: MapGenie is in no way affiliated with Ubisoft.",https://division2map.com/privacy_policy.html,themapgenie@gmail.com,http://division2map.com
known_dataset_200,regular_everyone_10_plus,04_regular_everyone_10_plus.csv,117,app.quizpatenteonline.quizpatenteb2018pertutti,Quiz Patente B Per Tutti 2024,Quiz patente - App development,https://play.google.com/store/apps/details?id=app.quizpatenteonline.quizpatenteb2018pertutti&hl=en_US&gl=US,Everyone 10+,,Education,EDUCATION,false,false,Contains ads; In-app purchases,100K+,100000.0,8.11K reviews,8109.999999999999,4.1 star,4.1,0.5136054578652802,EDUCATION,others,medium,"Quiz Patente B Per Tutti 2024
Quiz Patente B 2021 for everyone is the app designed to carry out all the quizzes that could occur during the exam in the shortest possible time:
- complete quizzes by topic with instant correction
- go over the mistakes by selecting them from one or more topics where you got the wrong answers
- fully linked textbook with quizzes
- simulate the exam
- listen to the audio of the quizzes in Italian
- keep track of your progress with graphical and textual, detailed and easily understandable statistics.
To help users feel more comfortable during the final exam, the graphics and the way to use the cards are almost identical to what will be proposed to the candidate during the exam.
Simple and intuitive interface, optimized to not tire your eyes while using the app.
The app also works well with the screen rotated horizontally.
Official questions always kept up to date, extracted from the ministerial list.
Ability to reset statistics.
If you want to redo a chapter or start from scratch just press ""Reset"" or ""Reset All"".
Internet connection required only to listen to the audio of the quiz, everything else works even if you are offline.
This app has multilingual you can prepare B driving license in Punjabi, Urdu, Pashto and Hindi. Can use the translation of the B license quizzes into Chinese, Russian, Romanian, Albanian, Arabic, French, German, Spanish, English.
Update for MIMS Decree 03 March 2023",https://apnapatenteced.it/privacy/,quizpatentepertutti@gmail.com,https://patentepertutti.it
known_dataset_200,regular_everyone_10_plus,04_regular_everyone_10_plus.csv,118,com.preemptivetechnologies.daddyup,Dad Pregnancy Guide: Daddy Up,Sycamore Spur,https://play.google.com/store/apps/details?id=com.preemptivetechnologies.daddyup&hl=en_US&gl=US,Everyone 10+,,Parenting,PARENTING,false,false,Contains ads; In-app purchases,100K+,100000.0,2.18K reviews,2180.0,4.9 star,4.9,0.5125775212596045,PARENTING,others,medium,"google_logo Play
Games
Apps
Movies & TV
Books
Kids
search
help_outline
Dad Pregnancy Guide: Daddy Up
Sycamore Spur
Contains adsIn-app purchases
4.9
star
2.18K reviews
100K+",https://daddyup.com/terms-privacy,contact@daddyup.com,https://www.daddyup.com
known_dataset_200,regular_everyone_10_plus,04_regular_everyone_10_plus.csv,119,net.forge7.fantasyhike,Fantasy Hike,Forge7 AB,https://play.google.com/store/apps/details?id=net.forge7.fantasyhike&hl=en_US&gl=US,Everyone 10+,Fantasy Violence,Health & Fitness,HEALTH_AND_FITNESS,false,false,In-app purchases,100K+,100000.0,3.45K reviews,3450.0,4.6 star,4.6,0.512526634159341,HEALTH_AND_FITNESS,others,medium,"Fantasy Hike
Get motivated to walk! Be the first to Mount Fire! Fantasy Hike is a stunning walking tracker designed for fantasy nerds and anyone who loves adventure. Start your quest today — every step you take propels you through a captivating fantasy journey, from your cozy halfling hole all the way to Mount Fire. Compete with your friends and track their progress in the fantasy world and on the map.
Fantasy Hike helps you appreciate your total walking distance. Whether you're walking your dog, jogging in the morning, or dashing between meeting rooms, Fantasy Hike keeps you motivated toward a healthier lifestyle. Share the adventure with friends for added encouragement. Who will be the first to complete their quest?
You can walk up to 1 mile / 1500 meters per day for free. To unlock unlimited distance, you can make a one-time purchase. For full access to all features, including sharing your progress with friends, you can choose a premium subscription.
FEATURES
• A complete fantasy quest
• Share your progress with friends
• Compete with various fantasy characters
• Choose from multiple character avatars
• View detailed charts with daily stats
• Pedometer powered by built-in sensor
• Health Connect integration
• Compatible with Fitbit, Google Fit, and many more apps via Health Connect
• Optimized for minimal battery usage",https://forge7.net/fantasyhike/privacy-policy.html,support@forge7.net,https://forge7.net/fantasyhike/
known_dataset_200,regular_everyone_10_plus,04_regular_everyone_10_plus.csv,120,com.ghm.athensbannerherald,Athens Banner-Herald,USA TODAY Co.,https://play.google.com/store/apps/details?id=com.ghm.athensbannerherald&hl=en_US&gl=US,Everyone 10+,,News & Magazines,NEWS_AND_MAGAZINES,false,false,Contains ads; In-app purchases,1K+,1000.0,24 reviews,24.0,4.1 star,4.1,0.3046379184580059,NEWS_AND_MAGAZINES,others,low,"Athens Banner-Herald
From critically acclaimed storytelling to powerful photography to engaging videos — the Athens Banner-Herald app delivers the local news that matters most to your community.
APP FEATURES:
• Access all of our in-depth journalism, including things to do around town, sports coverage from high school to the pros, and much more.
• Enjoy a streamlined, fast-loading experience that makes it easy to view the stories, photos, and videos that matter to you.
• Get breaking news, sports scores, and weather alerts with real-time notifications tailored to your interests.
• Customize your experience by saving your favorite stories, adjusting text size, using night mode, or reading offline.
• eNewspaper: Just like our print edition but accessible on your mobile devices. And access to USA TODAY and 200+ local eNewspapers.
SUBSCRIPTION INFORMATION:
• This app is free to download and all users can access a sampling of free articles every month.
• Subscriptions are charged to your Google Play account at confirmation of purchase and automatically renew each month or year, unless turned off in your Google Play account settings at least 24 hours before the end of the current period. For more details, see ""Subscription Support"" in the app's settings for more details and customer service contact information.
MORE INFORMATION:
• Privacy Policy: https://cm.onlineathens.com/privacy/
• Terms of Service: https://cm.onlineathens.com/terms/
• Help Center: https://help.onlineathens.com",http://www.gatehousemedia.com/privacy-policy/,mobilesupport@gannett.com,https://www.myusatodaynetwork.com
known_dataset_200,regular_everyone_10_plus,04_regular_everyone_10_plus.csv,121,com.ocv.acadiaParishLASheriffOffice,Acadia Parish Sheriff’s Office,"OCV, LLC",https://play.google.com/store/apps/details?id=com.ocv.acadiaParishLASheriffOffice&hl=en_US&gl=US,Everyone 10+,,Lifestyle,LIFESTYLE,false,false,,1K+,1000.0,20 reviews,20.0,4.2 star,4.2,0.3043775307187844,LIFESTYLE,others,low,"Acadia Parish Sheriff’s Office
The Acadia Parish Sheriff’s Office mobile application is an interactive app developed to help improve communication with area residents. The Acadia Sheriff App allows residents to connect with the Acadia Parish Sheriff’s Office by reporting crimes, submitting tips, and other interactive features, as well as providing the community the latest public safety news and information.
The app is another public outreach effort developed by the Acadia Sheriff’s Office to improve communication with county residents and visitors.
This app is not intended to be used to report emergency situations. Please call 911 in an emergency.",https://cdn.myocv.com/legal/ocvapps-privacy-english.html?name=Acadia%20Parish%20Sheriff%27s%20Office,mobiledevfeedback@myocv.com,https://myocv.com/
known_dataset_200,regular_everyone_10_plus,04_regular_everyone_10_plus.csv,122,com.acidremap.PPPRegion6EMSProtocols,Region 6 EMS Protocols,Acid Remap LLC,https://play.google.com/store/apps/details?id=com.acidremap.PPPRegion6EMSProtocols&hl=en_US&gl=US,Everyone 10+,Shares Info,Medical,MEDICAL,false,false,,1K+,1000.0,5 reviews,5.0,5.0 star,5.0,0.3041362055543561,MEDICAL,others,low,"Region 6 EMS Protocols
Region 6 EMS Protocols is a free app that provides quick offline access to the Region 6, IL EMS protocols.
Features include:
•Quick indexed lookup of protocols in a matter of seconds
•Favorites tab for quick access of what's important to you
•Updated shortly after new protocols are posted online making it more up-to-date than most printed protocol manuals
•Customizable notes for each individual protocol entry
•Always with you as long as you have your device and never fades or tears",http://www.acidremap.com/legal/privacy.html,support@acidremap.com,http://www.acidremap.com
known_dataset_200,regular_everyone_10_plus,04_regular_everyone_10_plus.csv,123,com.awkngthnc.app,AWKNG,"AWKNG, Inc",https://play.google.com/store/apps/details?id=com.awkngthnc.app&hl=en_US&gl=US,Everyone 10+,"Users Interact, In-App Purchases",Education,EDUCATION,false,false,In-app purchases,1K+,1000.0,15 reviews,15.0,4.2 star,4.2,0.300852072186397,EDUCATION,others,low,"AWKNG
AWKNG is a ministry on a mission to awaken Christians to a deeper understanding of the Bible, making high-level Biblical scholarship accessible to the everyday Christian. Our on-demand courses and free resources are developed by leading academic professors and scholars, recognized for their subject matter excellence.
AWKNG was founded in 2020, serving students from around the world, with over 8,000 courses already taken. Through our two ministries, AWKNG School of Theology & AWKNG Bible Community, we focus on providing the Body of Christ with resources to help them better engage with and understand their Bible.
AWKNG School of Theology is a non-accredited, online educational ministry focused on adult learning of the Bible. Our courses teach the Bible as a unifying meta-narrative, teaching students to correctly interpret the Bible through ancient historical and cultural contexts. We believe people should not skip over hard-to-understand passages and should be able to properly defend their faith. All course materials are in-depth, and thorough, challenging students to engage with their Bible and think critically. Yet, all courses are accessible, on-demand, cost-efficient, and with no enrollment requirements or requisites.
With the AWKNG mobile app, enjoy the freedom of learning and connecting anytime, from anywhere. Access your favorite courses from one convenient place. Learn when it works best for you, on the go or at home. With progress tracking and start and stop lessons, it's easy to pick up from where you left off. And with push notifications, you can make sure you're always in the loop on all community activities.
Download the AWKNG mobile app today, and take your learning to the next level!",https://awkngschooloftheology.com/ourpolicies/,schooloftheology@awkng.com,
known_dataset_200,regular_everyone_10_plus,04_regular_everyone_10_plus.csv,124,com.lasahealth.appalpha,Lasa Health,Lasa Health,https://play.google.com/store/apps/details?id=com.lasahealth.appalpha&hl=en_US&gl=US,Everyone 10+,Users Interact,Health & Fitness,HEALTH_AND_FITNESS,false,false,In-app purchases,1K+,1000.0,11 reviews,11.0,4.3 star,4.3,0.2991224455928861,HEALTH_AND_FITNESS,others,low,"Lasa Health
Do you have chronic pelvic pain or endometriosis?
Being diagnosed with endometriosis can be overwhelming, but you don't need to go at it alone! Lasa Health's mobile app will walk you through everything you need to know.
Join the Lasa Health platform to transform your health in 12 weeks!
• Gain a deeper understanding of endometriosis including types, causes, symptoms, and stages
• Explore treatment options to be fully informed when making decisions with your medical provider
• Improve your ability to navigate the healthcare system and select qualified health providers
• Hearing stories of other endometriosis patients and advice from endometriosis experts
• Learn at-home pain management techniques and create a plan to manage flare-ups
Lasa Health is supported by Texas Tech University’s Innovation Hub and Springboard Enterprise’s Digital Health Innovation program.
We work closely with app users to continuously improve our product. If you have questions or suggestions, you can reach us at support@lasahealth.com. Or visit our website at www.lasahealth.com to learn more.
Sign up today to start your journey to healing!",https://www.lasahealth.com/privacy-policy,support@lasahealth.com,https://www.lasahealth.com/
known_dataset_200,regular_everyone_10_plus,04_regular_everyone_10_plus.csv,125,org.vernoncosheriff.app,Vernon County MO Sheriff,"Brooks Jeffrey Marketing, Inc.",https://play.google.com/store/apps/details?id=org.vernoncosheriff.app&hl=en_US&gl=US,Everyone 10+,,Travel & Local,TRAVEL_AND_LOCAL,false,false,,1K+,1000.0,11 reviews,11.0,4.3 star,4.3,0.2991224455928861,TRAVEL_AND_LOCAL,others,low,"Vernon County MO Sheriff
The app has public information for press releases, most wanted, and sex offenders. Crime tips and contact us messages can be sent to the Sheriff's Office.",https://www.vernoncosheriff.org/copycred,info@brooksjeffrey.com,https://www.brooksjeffrey.com
known_dataset_200,regular_teen,05_regular_teen.csv,126,com.facebook.katana,Facebook,"Meta Platforms, Inc.",https://play.google.com/store/apps/details?id=com.facebook.katana&hl=en_US&gl=US,Teen,"Users Interact, Shares Location, In-App Purchases",Social,SOCIAL,false,false,Contains ads; In-app purchases,10B+,10000000000.0,183M reviews,183000000.0,4.6 star,4.6,0.9886477423835704,SOCIAL,social_apps,high,"Facebook
Where real people propel your curiosity. Whether you’re thrifting gear, showing reels to that group who gets it, or sharing laughs over fun images reimagined by AI, Facebook helps you make things happen like no other social network.
Explore and expand your interests:
* Shop Marketplace for hidden gems and take your hobbies to the next level
* Personalize your Feed to see more of what you like, less of what you don’t
* Ask Meta AI for information and get answers instantly
* Drive into reels that reflect the things you're interested in
* Search Facebook on any topic and get more interactive results
Connect with people and communities:
* Join groups to learn tips from real people who’ve been there, done that
* Get inspired by creators, or catch up with Friends
* Add new Friends to your world, but also decide how closely to keep up with them
* Privately message relatable posts that only your BFF will get or that reels trend everyone’s talking about
* Catch up with your friends through video and voice calls
Share your world:
* Use generative AI to create custom stickers and images to delight friends
* Customize your profile to choose how you show up and who sees your posts
* Effortlessly create reels from trending templates, or showcase your creativity with a full suite of editing tools
* Capture moments on the fly with stories
Some features may not be available in your country or region.
Terms & Policies: https://www.facebook.com/policies_center
Privacy Policy: https://www.facebook.com/privacy
Learn how we're working to help keep our communities safe across Meta technologies at the Meta Safety Center: https://about.meta.com/actions/safety",https://www.facebook.com/about/privacy/,facebook.android@fb.com,https://www.facebook.com/facebook
known_dataset_200,regular_teen,05_regular_teen.csv,127,com.google.android.youtube,YouTube,Google LLC,https://play.google.com/store/apps/details?id=com.google.android.youtube&hl=en_US&gl=US,Teen,Diverse Content: Discretion Advised,Video Players & Editors,VIDEO_PLAYERS,false,false,Contains ads; In-app purchases,10B+,10000000000.0,171M reviews,171000000.0,3.9 star,3.9,0.9737684628533584,VIDEO_PLAYERS,others,high,"YouTube
Get the official YouTube app on Android phones and tablets. See what the world is watching -- from the hottest music videos to what’s popular in gaming, fashion, beauty, news, learning and more. Subscribe to channels you love, create content of your own, share with friends, and watch on any device.
Watch and subscribe
● Browse personal recommendations on Home
● See the latest from your favorite channels in Subscriptions
● Look up videos you’ve watched, liked, and saved for later in Library
Explore different topics, what’s popular, and on the rise (available in select countries)
● Stay up to date on what’s popular in music, gaming, beauty, news, learning and more
● See what’s trending on YouTube and around the world on Explore
● Learn about the coolest Creators, Gamers, and Artists on the Rise (available in select countries)
Connect with the YouTube community
● Keep up with your favorites creators with Posts, Stories, Premieres, and Live streams
● Join the conversation with comments and interact with creators and other community members
Create content from your mobile device
● Create or upload your own videos directly in the app
● Engage with your audience in real time with live streaming right from the app
Find the experience that fits you and your family (available in select countries)
● Every family has their own approach to online video. Learn about your options: the YouTube Kids app or a new parent supervised experience on YouTube at youtube.com/myfamily
Support creators you love with channel memberships (available in select countries)
● Join channels that offer paid monthly memberships and support their work
● Get access to exclusive perks from the channel & become part of their members community
● Stand out in comments and live chats with a loyalty badge next to your username
Upgrade to YouTube Premium (available in select countries)
● Watch videos uninterrupted by ads, while using other apps, or when the screen is locked
● Save videos for when you really need them – like when you’re on a plane or commuting
● Get access to YouTube Music Premium as part of your benefits",http://www.google.com/policies/privacy,ytandroid-support@google.com,https://app.youtube.com
known_dataset_200,regular_teen,05_regular_teen.csv,128,com.google.android.apps.youtube.music,YouTube Music,Google LLC,https://play.google.com/store/apps/details?id=com.google.android.apps.youtube.music&hl=en_US&gl=US,Teen,Diverse Content: Discretion Advised,Music & Audio,MUSIC_AND_AUDIO,false,false,Contains ads; In-app purchases,5B+,5000000000.0,7.66M reviews,7660000.0,4.5 star,4.5,0.9253312876703134,MUSIC_AND_AUDIO,others,high,"YouTube Music
Connecting you to the world of music:
● Music content including live performances, covers, remixes and music content you can’t find elsewhere
● Thousands of curated playlist across many genres and activities
Get personalized music, perfect for every moment:
● Personalized playlists and Mixes made just for you, built around your favorite types of music
● Personalized activity mixes for your Workout, Relax, and Focus sessions
● Create playlists with song suggestions or collaborate with other music fans to create the perfect playlist
● Personalized Library to see all of your liked and added songs, playlists, artists, and albums
Stay on top of the trend and discover new music:
● Check out curated for you mixes such Discover Mix and New Release Mix
● Discover music based genres (Hip Hop, Pop, Country, Dance & Electronic, Blues, Indie & Alternative, Jazz, Kpop, Latin, Rock, and more)
● Discover music based mood (Chill, Feel Good, Energy Booster, Sleep, Focus, Romance, Workout, Commute, Party)
● Explore top charts from all over the world
Enhanced your listening experience with unique features:
● Song lyrics so you can sing along to your favorites
● Switch seamlessly between audio and video
● Listen on your phone, desktop, smart speaker, smart TV, car, smart watch and within your favorite apps.
● Add a Tile on your Wear OS watch to quickly access your music.
● Compatible with Google Maps, Waze, Google Assistant, and more.
Upgrade to Music Premium (available in select countries) to enjoy:
● Listen to music ad-free
● Play music in the background
● Access your music downloads, including smart downloads
● Switch seamlessly between song audio and music videos, only with YouTube Music
----------
Only first-time YouTube Red, Music Premium, YouTube Premium and Google Play Music subscribers are eligible for free trials, introductory offers or promotional pricing.",http://www.google.com/intl/en/policies/privacy/,ytmusic-support@google.com,https://music.youtube.com
known_dataset_200,regular_teen,05_regular_teen.csv,129,com.google.android.play.games,Google Play Games,Google LLC,https://play.google.com/store/apps/details?id=com.google.android.play.games&hl=en_US&gl=US,Teen,Diverse Content: Discretion Advised,Entertainment,ENTERTAINMENT,false,false,Contains ads,5B+,5000000000.0,13.2M reviews,13200000.0,4.0 star,4.0,0.922386578407462,ENTERTAINMENT,others,high,"Google Play Games
Games are more fun with the Google Play Games app. We'll help you find your next favorite game – from action to puzzles. And with ""Instant play,"" many games require no installation. Really. Save your progress and track your achievements as you level up. Plus, you can pick up where you left off from any device.
KEY FEATURES
• Instant play: There’s no installation needed – look for the ""Instant play"" button to instantly play full games.
• Built-in Google games: Play Solitaire, Minesweeper, Snake, PAC-MAN, Cricket, and Whirlybird – even when you’re offline.
• Save your progress: Your progress is automatically saved to the cloud when you see ""Progress saved by Play Games.""
• Gamer profile: Create a custom gamer ID, unlock achievements, earn XP, and level up.
• Gameplay recording: Easily record and share your best gameplay moments.",http://www.google.com/policies/privacy,googleplay-support@google.com,http://play.google.com/store/apps/category/GAME
known_dataset_200,regular_teen,05_regular_teen.csv,130,com.openai.chatgpt,ChatGPT,OpenAI,https://play.google.com/store/apps/details?id=com.openai.chatgpt&hl=en_US&gl=US,Teen,Diverse Content: Discretion Advised,Productivity,PRODUCTIVITY,false,false,Contains ads; In-app purchases,1B+,1000000000.0,49.7M reviews,49700000.0,4.8 star,4.8,0.908731460007682,PRODUCTIVITY,others,high,"ChatGPT
Introducing ChatGPT for Android: OpenAI’s latest advancements at your fingertips.
This official app is free, syncs your history across devices, and brings you the latest from OpenAI, including the new image generator.
With ChatGPT in your pocket, you’ll find:
· Image generation–Generate original images from a description, or transform existing ones with a few simple words.
· Advanced Voice Mode–Tap the soundwave icon to have a real-time convo on the go. Settle a dinner table debate, or practice a new language.
· Photo upload—Snap or upload a picture to transcribe a handwritten recipe or get info about a landmark.
· Creative inspiration—Find custom birthday gift ideas or create a personalized greeting card.
· Tailored advice—Talk through a tough situation, ask for a detailed travel itinerary, or get help crafting the perfect response.
· Personalized learning—Explain electricity to a dinosaur-loving kid or easily brush up yourself on a historic event.
· Professional input—Brainstorm marketing copy or map out a business plan.
· Instant answers—Get recipe suggestions when you only have a few ingredients.
· Screen share with Accessibility Services — In limited availability, users can choose to let ChatGPT help answer questions about screen details without requiring screenshot uploads.
Join hundreds of millions of users and try the app captivating the world. Download ChatGPT today.
Terms of service & privacy policy:
https://openai.com/policies/terms-of-use
https://openai.com/policies/privacy-policy",https://openai.com/policies/privacy-policy,support@openai.com,https://help.openai.com
known_dataset_200,regular_teen,05_regular_teen.csv,131,com.snapchat.android,Snapchat,Snap Inc,https://play.google.com/store/apps/details?id=com.snapchat.android&hl=en_US&gl=US,Teen,"Users Interact, Shares Location, In-App Purchases",Communication,COMMUNICATION,false,false,Contains ads; In-app purchases,1B+,1000000000.0,39.5M reviews,39500000.0,4.2 star,4.2,0.893753481246204,COMMUNICATION,social_apps,high,"Snapchat
Snapchat is a fast and fun way to share the moment with your friends and family 👻
SNAP
• Snapchat opens right to the Camera — just tap to take a photo, or press and hold for video.
• Express yourself with Lenses, Filters, Bitmoji and more!
• Try out new Lenses daily created by the Snapchat community!
CHAT
• Stay in touch with friends through live messaging, or share your day with Group Stories.
• Video Chat with up to 16 friends at once — you can even use Lenses and Filters when chatting!
• Express yourself with Friendmojis — exclusive Bitmoji made just for you and a friend.
STORIES
• Watch friends' Stories to see their day unfold.
• See Stories from the Snapchat community that are based on your interests.
• Discover breaking news and exclusive Original Shows.
SPOTLIGHT
• Spotlight showcases the best of Snapchat!
• Submit your own Snaps or sit back, relax, and watch.
• Pick your favorites and share them with friends.
MAP
• Share your location with your best friends or go off the grid with Ghost Mode.
• See what your friends are up to on your most personal map when they share their location with you.
• Explore live Stories from the community nearby or across the world!
MEMORIES
• Save unlimited photos and videos of all your favorite moments.
• Edit and send old moments to friends or save them to your Camera Roll.
• Create Stories from your favorite Memories to share with friends and family.
FRIENDSHIP PROFILE
• Every friendship has its own special profile to see the moments you’ve saved together.
• Discover new things you have in common with Charms — see how long you’ve been friends, your astrological compatibility, your Bitmoji fashion sense, and more!
• Friendship Profiles are just between you and a friend, so you can bond over what makes your friendship special.
Happy Snapping!
• • •
Please note: Snapchatters can always capture or save your messages by taking a screenshot, using a camera, or otherwise. Be mindful of what you Snap!
For a full description of our privacy practices, please see our Privacy Center.",http://www.snapchat.com/privacy,snapchat@snap.com,http://www.snapchat.com
known_dataset_200,regular_teen,05_regular_teen.csv,132,com.pinterest,Pinterest,Pinterest,https://play.google.com/store/apps/details?id=com.pinterest&hl=en_US&gl=US,Teen,Users Interact,Lifestyle,LIFESTYLE,false,false,Contains ads; In-app purchases,1B+,1000000000.0,11.5M reviews,11500000.0,4.3 star,4.3,0.8797560086582378,LIFESTYLE,others,high,"google_logo Play
Games
Apps
Movies & TV
Books
Kids
search
help_outline
Pinterest
Pinterest
Contains adsIn-app purchases
4.3
star
11.5M reviews
1B+",https://policy.pinterest.com/privacy-policy,help@pinterest.com,https://help.pinterest.com
known_dataset_200,regular_teen,05_regular_teen.csv,133,com.lazada.android,Lazada | All Shipping On Us,Lazada Mobile,https://play.google.com/store/apps/details?id=com.lazada.android&hl=en_US&gl=US,Teen,Diverse Content: Discretion Advised,Shopping,SHOPPING,false,false,,500M+,500000000.0,29.2M reviews,29200000.0,4.7 star,4.7,0.8796622652672433,SHOPPING,others,high,"Lazada | All Shipping On Us
Lazada's ""ALWAYS THE BETTER PRICE"" concept will bring more happiness and satisfaction to your life with every purchase. Enjoy awesome offers everyday with free shipping!
Start shopping now and save more with mega deals and discounts!
Featured updates
🚚 Free Shipping
🎫 Vouchers for First Orders
💸 CHOICE: Guaranteed quality at lower prices.
⚡ LazFlash Deals
What are you waiting for? Download the Lazada App and start shopping for the best quality deals at amazing prices! Grab your essential and favorite items with exclusive deals to make the most out of your purchase!
AUTHENTICITY GUARANTEED
LazMall – Lazada's flagship offering for branded products ensure genuine and authentic brands – sold by brands on Lazada through Brand Stores. 100% Authentic – directly from brands to you. Enjoy 10,000+ Global brands at your fingertips like Nike, Adidas, Maybelline, L'Oréal, and more.
FIRST ORDER BENEFITS
Get exclusive discount vouchers for your first purchase*. Get coins when you check in daily, and collect vouchers from Lazada and sellers every time you use the Lazada app! *T&Cs Apply
SECURE PAYMENT
Pay securely through multiple payment options;
✅ Cash on Delivery
✅ Secure Bank Transactions
Buy Now, Pay Later with LazPayLater
Shop now on Lazada and pay later—choose a 1-month deferral or installments over 3, 6, 9, or 12 months.
Monthly interest: 1%–5% (APR: 12%–60%).
Fees: Documentary Stamp Tax (DST) of ₱1.50 per ₱200 borrowed.
Representative Example: A ₱2,000 loan over 3 months at 5% monthly interest (60% APR) totals ₱2,315.00, including ₱300 interest and ₱15.00 DST.
APP HIGHLIGHTS
🔥App-Exclusive Notifications for Daily Offers, Deals, & Discounts
❤️Personalized Recommendations of Products, Categories, & Brands
🔎Full-scale Search Filters by Category, Brand, Price, Rating, Color, and More
👍Customer Ratings & Reviews
💆Q&A for Direct Customer – Seller Interaction
📦Order Tracking
🚚Fast Shipping
❤ Log in via Facebook and Google
✨Sharing via Facebook, X (Twitter), Whatsapp, and more
BUYER GUARANTEE
Check out the product reviews, see the seller ratings, and CHAT WITH SELLERS directly! Dissatisfied? Simply return for a full refund via the simple returns policies.
LAZFLASH & VOUCHERS
Shop more and save more with exclusive app-only offers, promo codes, bank vouchers, and discounts at the best prices, updated every day.
BEST CATEGORIES
Enjoy effortless online shopping and home delivery coming from a huge variety of products in electronics, sports, beauty, digital, groceries, toys, cars & motorcycles, shoes, fragrances, health, men's & women's fashion, and much more.
***Most Trusted Online Shopping Destination in Southeast Asia!***
Indonesia
🏆Marketeers 2017 – Best WOW Brand for E-Commerce
Thailand
🏆2016-2017 Marketeer No.1 Brand Thailand – Online Shopping
Singapore
🏆Asia One People's Choice Awards 2015: Top 3 E-Retailers
Philippines
🏆Readers Digest Most Trusted Brand Award 2014 – Gold Standard
Countries supported
Indonesia, Malaysia, Philippines, Singapore, Thailand, and Vietnam
*DISCLAIMER*
Recently, we've been notified of several cases where our app is promoted fraudulently by some third-party advertisers, usually in the form of site redirection, fake vouchers, and games. These types of ads are being promoted without our consent and we strictly condemn this type of behavior. If you encounter any of these issues, please help us and copy the page URL found and report it to help@lazada.com with subject AAV so that we can put an end to this.",https://www.lazada.com.ph/privacy-policy/,help@lazada.com,http://www.lazada.com
known_dataset_200,regular_teen,05_regular_teen.csv,134,com.picsart.studio,"Picsart AI Photo Editor, Video","PicsArt, Inc.",https://play.google.com/store/apps/details?id=com.picsart.studio&hl=en_US&gl=US,Teen,"Users Interact, In-App Purchases",Photography,PHOTOGRAPHY,false,false,Contains ads; In-app purchases,1B+,1000000000.0,12.2M reviews,12200000.0,4.0 star,4.0,0.8745220611737416,PHOTOGRAPHY,others,high,"google_logo Play
Games
Apps
Movies & TV
Books
Kids
search
help_outline
Picsart AI Photo Editor, Video
PicsArt, Inc.
Contains adsIn-app purchases
4.0
star
12.2M reviews
1B+",https://picsart.com/privacy-policy,support@picsart.com,https://picsart.com
known_dataset_200,regular_teen,05_regular_teen.csv,135,net.zedge.android,Zedge™ Wallpapers & Ringtones,Zedge,https://play.google.com/store/apps/details?id=net.zedge.android&hl=en_US&gl=US,Teen,Diverse Content: Discretion Advised,Personalization,PERSONALIZATION,false,false,Contains ads; In-app purchases,500M+,500000000.0,17.6M reviews,17600000.0,4.7 star,4.7,0.8730987792764021,PERSONALIZATION,others,high,"Zedge™ Wallpapers & Ringtones
Download Zedge™ and personalize your phone with millions of wallpapers, ringtones, alarm and notification sounds, live photos, and advanced AI tools that let you design your own unique style for free.
View, access or download millions of artwork pieces, from popular artist collections to fusion art, 3D art and icon packs. With probably the largest wallpaper and ringtone collection of any app, Zedge™ is the n.o 1 destination for premium ringtones, wallpapers and digital artwork. Search, find or create anything with Zedge™.
Wallpapers
• Download an endless selection of free wallpaper backgrounds
• Get full HD wallpapers and 4K wallpapers
• Choose from dozens of wallpaper collections, from Banksy and urban artwork to Sci Fi, space themes and anime
• Customize your work with cool filters and stickers
• Set to screen lock or home screen, or set backgrounds to rotate at selected intervals
• Try Parallax Wallpapers and add a 3D depth effect that makes your screen feel more immersive
• Discover Dynamic 24H Wallpapers that shift through morning, midday, evening and night based on your local time
• Choose Dual Wallpapers and set a coordinated Lock Screen and Home Screen pair with one tap
Zedge™ AI Generator – Creativity Powered by AI
Bring your imagination to life with Zedge’s AI-powered features:
• AI Wallpaper Maker – Describe any scene, object, or style and instantly generate a custom Wallpaper. From dreamy landscapes to futuristic art, the possibilities are endless.
• AI Photo Filters & Styles – Apply unique artistic looks, from Anime and Comic to Cyberpunk, Watercolor, or Vintage Vibes. Transform your photos in just a tap. Save your creations privately, or explore the community gallery for inspiration.
• Audio AI – Create one-of-a-kind ringtones and notification sounds in seconds. Just type what you want — from “sparkly sci-fi beep” to “jazzy guitar with good vibes” — pick a mood and genre, or start with a fun preset prompt. Then save your custom sound as a ringtone, alarm or notification.
Try Zedge™ AI Generator for free today to bring out the artist in you!
Ringtones, Alarm & Notification Sounds
• Search and access an endless selection of free ringtones, popular music, effects and entertaining ringtones, anywhere, anytime
• Set ringtones for individual contacts, use alarm sounds and set your own default ringtone
• Choose from a massive selection of notification sounds, alerts and funny tones
• Set alerts and alarm sounds
• Turn your own Audio AI creations into ringtones, notification sounds or alarm sounds
Live Wallpapers
• Select live wallpapers and get video effects with your home screen background
• Our live wallpapers won’t drain your battery and only play once when turning on your home screen
• Our single data packet download means there’s no need to re-download when choosing a new live wallpaper
• See our full and extensive catalogue of quality live wallpapers catered to all tastes and ages
WHY Zedge™?
• Download millions of free pieces of featured and premium content
• Access content from top tier creators - from top musicians across the world to local artists
So what are you waiting for? Join the 30 million active Zedge™ users worldwide and start your very own artistic journey today!
Bonus Features
• Add sounds or wallpapers to favorites without downloading
• Access your ringtones and backgrounds across all devices with one simple login
• Receive notifications for limited edition wallpapers and ringtones - like Christmas, Valentines Day Fathers Day, Mothers Day, New Years Day and Halloween
• Add customizations for special occasions, birthdays, anniversaries and more.
We do not import or use any personal information or files in your media library, storage or contact list.
We love ringtones, we love wallpapers, and we love diversity!",https://zedge.net/privacy,android@zedge.net,https://www.zedge.net/
known_dataset_200,regular_teen,05_regular_teen.csv,136,com.google.android.apps.books,Google Play Books & Audiobooks,Google LLC,https://play.google.com/store/apps/details?id=com.google.android.apps.books&hl=en_US&gl=US,Teen,Diverse Content: Discretion Advised,Books & Reference,BOOKS_AND_REFERENCE,false,false,In-app purchases,1B+,1000000000.0,3.15M reviews,3150000.0,4.7 star,4.7,0.8709678269989529,BOOKS_AND_REFERENCE,others,high,"Google Play Books & Audiobooks
Dive into a world of stories with Google Play Books! Explore millions of ebooks, audiobooks, comics, and manga — all in one app.
Key Features:
• Your library, anywhere: Enjoy books on your phone, tablet, computer, or even in your car with Android Auto. Plus, you can download books to read offline.
• Earn Google Play Points: Get rewarded with Play Points when you purchase books. Note: Play Points availability, award levels, and multiplier rates differ by country. Play Points isn’t available in all countries.
• Organize with shelves: Personalize your digital library with custom shelves to categorize your books by genre, author, or any theme you’d like.
• Smart notes: Jot down notes that sync with your Google Drive and can be shared for easy collaboration.
• No subscription needed: Buy only the books you want, when you want them.
• Kid–friendly reading tools: Let kids explore word definitions and listen to books aloud. Note: Reading practice tools are available in English only.
• Immersive comics: Experience Bubble Zoom for a specialized comic and manga reading experience.
• Preview before you buy: Check out samples to make sure it’s the perfect book for you.
• Hands–free reading: Control your audiobook with your voice using Google Assistant.
• Read your way: Customize your reading experience by adjusting the font, text size, brightness, and more.
Millions of stories await on Google Play Books! Download now and start reading.",https://play.google.com/books/intl/privacy.html,googleplay-support@google.com,http://play.google.com/
known_dataset_200,regular_teen,05_regular_teen.csv,137,com.google.android.apps.magazines,Google News - Daily Headlines,Google LLC,https://play.google.com/store/apps/details?id=com.google.android.apps.magazines&hl=en_US&gl=US,Teen,In-App Purchases,News & Magazines,NEWS_AND_MAGAZINES,false,false,Contains ads,1B+,1000000000.0,1.96M reviews,1960000.0,4.0 star,4.0,0.8508167645978157,NEWS_AND_MAGAZINES,others,high,"Google News - Daily Headlines
Google News is a personalized news aggregator that organizes and highlights what’s happening in the world so you can discover more about the stories that matter to you.
With Google News, you’ll find:
YOUR BRIEFING: It can be nearly impossible to keep up with every story you care about, Your Briefing makes it easy to stay in the know about what’s important and relevant in your world. It updates throughout the day to bring you the top local, national, and world headlines, plus personalized news tailored to your interests.
LOCAL NEWS: Explore your community through stories and articles from news outlets in your local area. Customize and choose multiple locations so you can know what’s happening near you or wherever home is.
FULL COVERAGE: Dive deeper into a story with multiple perspectives. The Full Coverage feature organizes everything online about a story, surfacing and highlighting coverage from different outlets and mediums. With just a tap, you’ll uncover how the story is unfolding and how everyone is reporting on it.
STORIES FOR YOU: The For You section delivers personalized news related to your interests. Take control and customize the articles you see by following the topics and sources you care about.
ACCESS FROM ANY DEVICE: Google News is designed to meet the needs of users with different phones and levels of connection. When your connection isn’t strong or you need to save data, Google News will continue to work smoothly by slimming down the size of images and downloading less data. Articles can be downloaded over Wi-Fi to save for later when you are offline.
Do you prefer to access your news on your Laptop or Desktop? Pair the Google News mobile app with our Desktop website, news.google.com, so you can stay up to date and access the news no matter what device you’re on.",http://www.google.com/policies/privacy,apps-help@google.com,https://news.google.com/about
known_dataset_200,regular_teen,05_regular_teen.csv,138,com.naver.linewebtoon,"WEBTOON: Manga, Comics, Manhwa",NAVER WEBTOON,https://play.google.com/store/apps/details?id=com.naver.linewebtoon&hl=en_US&gl=US,Teen,"Users Interact, Digital Purchases",Comics,COMICS,false,false,Contains ads; In-app purchases,100M+,100000000.0,4.51M reviews,4510000.0,4.6 star,4.6,0.8066032563598252,COMICS,others,high,"WEBTOON: Manga, Comics, Manhwa
Join the largest manga, comics, and manhwa community in the world with millions of fans and creators on WEBTOON!
Why you'll love WEBTOON:
- Access millions of episodes for FREE!
- Explore the world’s largest selection of webcomics spanning diverse genres like action, romance, thriller and everything in between.
- Now you can read or watch fan-favorite stories like never before with Video Episodes - anytime, anywhere, free!
- Find your next obsession in the Watch tab, where you can explore series highlights and the latest video episodes.
- Enjoy global hits like Lore Olympus, The Mafia Nanny, Omniscient Reader, School Bus Graveyard and The Remarried Empress.
- Read familiar favorites and graphic novels like Fullmetal Alchemist, Batman: Wayne Family Adventures, Godzilla, Avatar: The Last Airbender and From Old Country Bumpkin to Master Swordsman.
- Home to the original webcomics behind the TV and film adaptations of Tower of God, True Beauty, Sweet Home and Marry My Husband streaming on Netflix, Disney+, and Crunchyroll and more.
- Engage with a thriving community of fellow enthusiasts and creators by subscribing to your favorite series and making your voice heard through the comments section!
- Unlock premium content like full series access and early episode access by buying Coins
Are you a storyteller at heart? Use our CANVAS platform to publish your own webcomics and reach a global audience. Share your story and build your own community. WEBTOON is where you find your fandom.
Website: https://www.webtoons.com/en/
Terms of Use: https://www.webtoons.com/en/terms
Check out WEBTOON on socials!
Instagram: https://www.instagram.com/webtoonofficial
TikTok: https://www.tiktok.com/@webtoonofficial
YouTube: https://www.youtube.com/webtoonofficial
X: https://x.com/webtoonofficial",https://m.webtoons.com/en/terms#privacyPolicy,dl_linewebtoon@webtoonscorp.com,https://www.webtoons.com/
known_dataset_200,regular_teen,05_regular_teen.csv,139,com.marsvard.stickermakerforwhatsapp,Sticker maker,Viko & Co,https://play.google.com/store/apps/details?id=com.marsvard.stickermakerforwhatsapp&hl=en_US&gl=US,Teen,Users Interact,Tools,TOOLS,false,false,Contains ads; In-app purchases,100M+,100000000.0,2.31M reviews,2310000.0,4.7 star,4.7,0.7999294294516315,TOOLS,others,high,"Sticker maker
Create your own sticker packs from WhatsApp. You can use memes, or your own photos, any photo from your phone will work,
Make Sticker packs for pet, your girlfriend, your family, your friends in 4 easy steps.
1. Select name for your pack
2. Add the stickers to the pack, cut them with your finger.
3. Publish the Sticker pack
4. ENJOY!
Please note: If you can't add the stickers to WhatsApp, it means you haven't received the latest update. You can wait for the update to come via google play, or update via the website of WhatsApp.",https://getstickerpack.com/privacy-policy,mars.vard@gmail.com,https://getstickerpack.com
known_dataset_200,regular_teen,05_regular_teen.csv,140,com.nitobi.nfb,NFB Films,ONF / NFB,https://play.google.com/store/apps/details?id=com.nitobi.nfb&hl=en_US&gl=US,Teen,,Entertainment,ENTERTAINMENT,false,false,,100K+,100000.0,1.25K reviews,1250.0,3.6 star,3.6,0.479371383658244,ENTERTAINMENT,others,medium,"NFB Films
Access the largest collection of Canadian films online, with no subscription and no ads.
Award-winning works with more than 7,000 accolades, including 12 Oscars®.
The NFB Films app offers:
* Thousands of films, series, and collections
* GROUND-BREAKING works by the biggest names in Canadian cinema
* 500+ INDIGENOUS-MADE films
* Documentaries, animation and auteur cinema, featuring both CLASSICS AND NEW RELEASES
* Available in both ENGLISH AND FRENCH
* Easily find your WATCHLIST on NFB.ca, mobile, and TV
* Sign in to CONTINUE WATCHING anywhere and get PERSONALIZED recommendations
On mobile or tablet devices, you can also:
* Cast films to your TV through CHROMECAST
* Download content for OFFLINE viewing
* Find NFB Events near you
The National Film Board is Canada's public producer and distributor of audiovisual works. Find out more at http://www.nfb.ca/about
Enjoying this app? Please write a review for the App Store. Please send your feedback to info@nfb.ca.",https://help.nfb.ca/privacy/,info@onf.ca,https://www.onf.ca
known_dataset_200,regular_teen,05_regular_teen.csv,141,com.jsa.andriodApp,James Smith Academy,James Smith Academy,https://play.google.com/store/apps/details?id=com.jsa.andriodApp&hl=en_US&gl=US,Teen,"Users Interact, In-App Purchases",Health & Fitness,HEALTH_AND_FITNESS,false,false,In-app purchases,100K+,100000.0,311 reviews,311.0,4.5 star,4.5,0.4793677765459675,HEALTH_AND_FITNESS,others,medium,"James Smith Academy
The James Smith Academy (JSA) is where quality online coaching meets affordability. The JSA aims to educate its members in fitness and provide them with all the tools necessary to reach and sustain their fitness goals. Features (depending on your membership type) include hundreds of educational and instructional videos, personalised exercise programs, daily workouts, a Daily Step Count, hundreds of recipes, a meal planner, trainer support, progress tracking, and three-month challenges.
The James Smith Academy is free to download. Our free trial, which begins when you create an account with us, does not expire and does not require a purchase to activate. If you would like to access content and features which are not available on the free trial, you must upgrade to a paid subscription.
Read our terms of service here:
https://www.jamessmithacademy.com/terms/
Read our privacy policy here: https://www.jamessmithacademy.com/privacy/",https://www.affordableonlinecoaching.com/privacy/,contact@jamessmithacademy.com,https://www.jamessmithacademy.com/
known_dataset_200,regular_teen,05_regular_teen.csv,142,com.sanjiang.vantrue,Vantrue,Vantrue,https://play.google.com/store/apps/details?id=com.sanjiang.vantrue&hl=en_US&gl=US,Teen,"Users Interact, Shares Location",Tools,TOOLS,false,false,,100K+,100000.0,783 reviews,783.0,3.9 star,3.9,0.4793132539515388,TOOLS,others,medium,"Vantrue
-Support wireless connection with Vantrue WiFi dashcam
-Preview the current recording in real-time in the app
-Support picture and video download and playback
-Easily access or modify dash cam settings through the app",https://www.vantrue.net/files/app/privacy_en.html,support@vantrue.net,https://www.vantrue.net/
known_dataset_200,regular_teen,05_regular_teen.csv,143,com.windymob.callscreen.ringtone.callcolor.colorphone,Color Phone Call Screen Themes,WindyMob,https://play.google.com/store/apps/details?id=com.windymob.callscreen.ringtone.callcolor.colorphone&hl=en_US&gl=US,Teen,Mild Violence,Personalization,PERSONALIZATION,false,false,Contains ads; In-app purchases,50K+,50000.0,926 reviews,926.0,4.8 star,4.8,0.4793114048451061,PERSONALIZATION,others,medium,"Color Phone Call Screen Themes
Call screen default is too boring and monotonous?
🌟 Are you looking for an call application with unique theme?
🌟 You also want new and cool free ringtones for every incoming call screen?
🌟 Call screen themes show your style and personality for color screen.
🌟 You want a unique and new calling experience phone color screen.
❇️ ❇️ ❇️ Download Color Phone Call Screen Themes to your device, where you can satisfy a large selection of trending, beautiful and sharp themes for your call screen. With Color Phone Call Screen Themes, you don't have to worry about being limited by the call themes available in the screen call app. That, Color Phone helps you personalize the call screen with many color themes, avatars and call buttons.
🤔 Why Color Phone Call Screen Themes?
Color Phone is not only a useful free application but also a tool for creative freedom in the digital world.
Each one of the call screen themes is ready to transform your incoming calls into a unique and vivid spectacle. Let’s experience the joy of a caller screen that's truly your own. Be different, be you - Color Phone makes it easy.
✨ Main features:
🏆 Setup call themes: Setup incoming call screens with a diverse theme.
💥 1000+ color themes available in the app or use images you have
💥 100+ diverse call accept/reject button.
Create your own incoming call screen according to your own preferences and style easily and quickly
✅ Customize the call screen theme
Customize call themes by choosing from a variety of themes in this app's collection or your photo library and combined with unique avatars. Change your call acceptance and rejection icons for a distinctive touch. Let's craft your individualized caller screen theme!
🔥 Ringtones: Allows users to pick a ringtone that fits your style. Move beyond default tones and select ringtones that reflect your personality and mood.
❤️ Avatar and buttons: Various beautiful avatars and buttons. Agree and decline symbols are small things but make a distinct impression. Color Phone app designs unique and creative call accept/reject button.
❤️ My design: All the call screens you created yourself are placed in one place, making them easy to view and set up later.
🔍 Search: Find related themes with thousands of hashtags, making it easier to discover your preferred themes.
⭐ Collection: Unlimited collection of free 4K themes, quality themes. Stay in tune with the latest trends through our regularly updated themes, delivering both exceptional visual quality and captivating effects
💥 Categories: We provide enormous amount of themes and themes sorted across 50+ categories
Color Phone support for all devices, including devices with large screens: 1080x1920 px (Full HD, 1080p) and 2160x3840 px (Ultra HD, 4K).
Protect:
We are very concerned about protecting the security of your information. We DO NOT collect and DO NOT share any Personal Information about you. All permissions requested by the application are for the sole purpose of building the application, ensuring the application operates normally.
- Set phone as default: We need your subsidy to change the default call screen on your device and show recent calls.
- READ_PHONE_STATE, CALL_PHONE, ANSWER_PHONE_CALLS: Allows the app to read phone state access and answer incoming calls to display the app's call screen
📩 We hope that this application will be useful for you. This application is in the process of development and perfecting, we look forward to receiving your feedback and suggestions via email: contact@windymob.com. Your feedback is extremely valuable and meaningful for improving the product. Have a good day💖.
⚠️ Disclaimer:
All the themes in this app are under common creative license and the credit goes to their respective owners. These images are not endorsed by any of the prospective owners, and the images are used simply for aesthetic purposes. No copyright infringement is intended, and any request to remove one of the images/logos/names will be honored.",https://windymob.com/product/Color-Phone-Call-Screen-Theme-Ringtone-9/privacyPolicy,contact@windymob.com,https://www.windymob.com
known_dataset_200,regular_teen,05_regular_teen.csv,144,com.airkast.tunekast1581_124,Free Beer and Hot Wings Show,"Townsquare Media, Inc.",https://play.google.com/store/apps/details?id=com.airkast.tunekast1581_124&hl=en_US&gl=US,Teen,,Music & Audio,MUSIC_AND_AUDIO,false,false,Contains ads,50K+,50000.0,1.08K reviews,1080.0,4.7 star,4.7,0.4793038814257907,MUSIC_AND_AUDIO,others,medium,"Free Beer and Hot Wings Show
Experience the Best of the Free Beer and Hot Wings Morning Show. The FBHW Show app includes the best stories we talk about on the air, the best of the streaming all day plus your direct line to text and call the show.",https://fbhwapp.com/privacy,app.support@townsquaredigital.com,https://fbhwapp.com
known_dataset_200,regular_teen,05_regular_teen.csv,145,com.sfacg,菠萝包轻小说-轻小说·漫画·有声书·精品网络小说全本阅读器,轻阅网络,https://play.google.com/store/apps/details?id=com.sfacg&hl=en_US&gl=US,Teen,"Users Interact, Digital Purchases",Books & Reference,BOOKS_AND_REFERENCE,false,false,In-app purchases,100K+,100000.0,2.29K reviews,2290.0,3.2 star,3.2,0.4792154336697189,BOOKS_AND_REFERENCE,others,medium,"菠萝包轻小说-轻小说·漫画·有声书·精品网络小说全本阅读器
Online reading of popular online novels, ""Free Novel Zone"", ""Bestseller List"", ""Audio Books"" and ""Comics"" have a large collection of books in each special area, covering romantic love, fantasy cultivation, urban ethics, suspenseful reasoning, costume romance, Fighting in another world, pure love in daily life, Demon King Brave, Yuanshen Xingqiong Railway Tomorrow's Ark colleagues, pseudo-mother and sick girl, Lily's transformation...
[Reading Benefits]
Free reading coupons: New users can enjoy free reading coupons immediately, and you can get more reading coupons by signing in every day.
Free reading experience: There are a lot of free works in the daily update, and interactive novels can also be read for free.
【Authentic Japanese light novel】
""Sword Art Online Sword Art Online"", ""Re:ZERO -Starting Life in Another World"", ""Overlord King of the Undead""
【Popular Serialized Light Novels】
""I, From the Abyss, Want to Save Humanity Today"", ""The Retired Life of the King of the Martial Arts"", ""A Hero? I've Been Wrong for a Long Time"", ""The Fragmented Life Under the Dominion of a Sick Girl"", ""Becoming a Witch in a World Full of Strange Tales"", ""The Blood Princess and the Knight"", ""It Doesn't Matter What the Lord Does"", ""Becoming a Young Dragon Princess by the Silver Dragon Queen"" I"", ""The Empress's Counterfeit Celestial Master"", the door to another world is waiting for you to open~
[Free daily full-color comics]
""The Complete Book of the Demon King"", ""The Strongest in History"", ""I Am Tall, Rich and Handsome"", ""Because I am the Uncle Who Opens a Weapons Shop"", ""Hundred Tales"", ""Night Executioner"", ""Zhu Tian Ji"", ""The Wife is Too Sweet """"Rebirth of the Giants: The Strong Return"" has 10 flavors including blood, campus, reasoning, adventure, and romance. Which one do you want to taste?
【Professional CV Dubbing Radio Drama】
""The Kidnapped Wife is a Fairy"", ""The Adult's Harem Growth Diary"", ""The Unemployed Demon King"", ""I just want to become a female apprentice after cultivating into a fairy"", ""How can the saint be a boy"" professional male and female CV dubbing, released Let your ears experience an unprecedented auditory feast with both hands.
【Massive light novel classification】
Fighting different worlds, pure love daily, devil brave, audio novels, funny brain holes, fan fiction, superheroes, farming infinite stream, invincible system, thriller reasoning, hypocrites, historical martial arts, sisters and sisters, developing fairy tales, mechs There are all kinds of audio novels such as science fiction, super quality reading experience, and bid farewell to the accompanying advertisements during the reading process! Support TXT and other mobile phone reading modes!
——Come, come, look here, unlock the little secret of the pineapple bun——
● Lazy listening to books: free your hands and listen to what you want;
● In-depth complaints with friends: Hot, in-depth, and unscrupulous book reviews are all available, so that you will no longer be alone when reading novels
● You can still read books without the Internet: fast local cache, offline browsing is easy and comfortable
● Local WiFi transmission: Local txt does not need a data cable, and can be easily transmitted to the mobile phone directly via Wi-Fi, and can be read after opening
● High-value reading artifact: exquisite illustrations are fully presented, and you can feel the original light novel reading experience. Simple but not simple chapter reading experience, custom color matching, automatic page turning settings, font size, etc., make Pineapple Bun truly yours Your own private reader!",http://book.sfacg.com/APP/HTML5/privacy.html,sfacg@sfacg.com,http://book.sfacg.com
known_dataset_200,regular_teen,05_regular_teen.csv,146,survivalinextremis.com.magic_horoscope,Magic Horoscope,Survival In Extremis,https://play.google.com/store/apps/details?id=survivalinextremis.com.magic_horoscope&hl=en_US&gl=US,Teen,"Violence, Blood, Suggestive Themes",Lifestyle,LIFESTYLE,false,false,Contains ads,100K+,100000.0,358 reviews,358.0,4.4 star,4.4,0.4791869313440808,LIFESTYLE,others,medium,"Magic Horoscope
The app provides the best and most accurate horoscope prediction for free on daily basis.
Updated daily with accurate Horoscopes for all 12 zodiac signs and detailed description of traits, health,money and love.
Fast and easy access: With this app, you have fast and easy access to the information you are looking for without going through zodiac signs which do not interest you. This free Horoscope app is functional and easy to use delivering you nothing but the best.
This app is very simple and easy to use with eye-pleasing graphics.
Choose your zodiac sign and start your day with relevant advice. Read your stars, avoid bad surprises and stay a step ahead of your destiny.
Discover what the future holds for you using astrology science.
Detailed astrological predictions for zodiac signs :
♈ - Aries daily horoscope
♉ - Taurus daily horoscope
♊ - Gemini daily horoscope
♋ - Cancer daily horoscope
♌ - Leo daily horoscope
♍ - Virgo daily horoscope
♎ - Libra daily horoscope
♏ - Scorpio daily horoscope
♐ - Sagittarius daily horoscope
♑ - Capricorn daily horoscope
♒ - Aquarius daily horoscope
♓ - Pisces daily horoscope",https://agg1357.github.io/20171119,survivalinextremis@gmail.com,https://survivalinextremiss.blogspot.com/
known_dataset_200,regular_teen,05_regular_teen.csv,147,com.best.photo.app.valentine.day,Valentine’s Day Photo Frames,Hairstyle Photo Apps,https://play.google.com/store/apps/details?id=com.best.photo.app.valentine.day&hl=en_US&gl=US,Teen,,Photography,PHOTOGRAPHY,false,false,Contains ads,100K+,100000.0,663 reviews,663.0,4.0 star,4.0,0.4791595180922695,PHOTOGRAPHY,others,medium,"Valentine’s Day Photo Frames
💕 Valentine’s Day Photo Frames – make love frame pictures!💕 With love photo editor free you can create love cards using heart frames for photos free & love stickers! Express your love with love greeting cards or decorate your pictures with valentines pic frames free. Add love frame pictures and charming hearts. Personalize your edits with love stickers and heart picture frames free! Happy Valentine's day!❤️
💖 HEART FRAMES FOR PHOTOS 💖
These adorable heart picture frames free and romantic photo frames free bring warmth and romance to your memories.💌
❤️ Valentine’s Day Photo Frames – A huge selection of frames to fit your couple photos!
❤️ Heart frames for photos free – Beautiful heart-shaped borders to highlight your love.
❤️ Love greeting cards – Create personalized love cards with stylish designs.
❤️ Valentines pic frames free – Frames with roses, candles, and soft sparkles.
❤️ Love frame pictures – Perfect for anniversaries, proposals, and Valentine’s Day!
❤️ Hearts everywhere! – Add floating hearts and heart picture frames free for a dreamy effect.
❤️ Love stickers – Romantic elements to enhance your photos.
❤️ Heart picture frames free – Various elegant frames to suit every mood.
❤️ Love photo editor free – Simple editing tools to perfect your images.
❤️ Love cards – Send sweet messages with love stickers.
❤️ Romantic photo frames free – The perfect touch for any love-themed photo.
❤️ Happy Valentine's day! – Celebrate the season of love with customized frames!
💖 MAIN FEATURES 💖
📸 Valentine’s Day Photo Frames – A vast collection of frames for lovers!
📸 Heart frames for photos free – Elegant, classic, and modern styles available.
📸 Love greeting cards – Create heartfelt cards with adorable heart frames.
📸 Valentines pic frames free – A wide range of themes to suit your mood.
📸 Love frame pictures – Decorate your favorite pictures with passion.
📸 Hearts & effects – Sparkles, glows, and heart effects add magic.
📸 Love stickers – Cute elements like roses, kisses, and ribbons.
📸 Heart picture frames free – High-quality designs for professional-looking results.
📸 Love photo editor free – Easy-to-use editor with all essential tools.
📸 Love cards – Perfect for Valentine’s Day and romantic occasions.
📸 Romantic photo frames free – Heart picture frames free that enhance your love story.
📸 Happy Valentine's day! – Share your heartfelt creations on social media!
💖 HOW TO USE 💖
🌹 Valentine’s Day Photo Frames – Download and open the app to begin!
🌹 Heart frames for photos free – Browse and select your favorite romantic frame.
🌹 Love greeting cards – Customize heart frames for photos free with cute messages and stickers.
🌹 Valentines pic frames free – Add dreamy and charming love stickers.
🌹 Love frame pictures – Upload your photo and adjust it within the frame to create love frame pictures.
🌹 Love stickers – Choose from an adorable selection of love-themed stickers.
🌹 Heart picture frames free – Save your final creation in high resolution.
🌹 Love photo editor free – Edit brightness, contrast, and add filters.
🌹 Love cards – Create a unique Valentine’s card with a personal touch.
🌹 Romantic photo frames free – Find and try new frames to keep things fresh.
🌹 Happy Valentine's day! – Share your masterpiece with loved ones instantly!
💘Spread romance with love photo editor free and enjoy heart frames for photos free to make every moment special. Design love greeting cards or use valentines pic frames free to create charming edits. Capture emotions with love frame pictures and decorate them with hearts. Add love stickers and try heart picture frames free for a stylish touch. Enjoy the love photo editor free and send warm wishes with love cards. Make this day memorable with romantic photo frames free and say Happy Valentine's day! Download love photo editor free “Valentine’s Day Photo Frames” & create love cards and love frame pictures using heart frames for photos free & love stickers!💕",http://bestphotoapps.ru/privacy-policy.html,best.photo.app@gmail.com,
known_dataset_200,regular_teen,05_regular_teen.csv,148,com.catchy.tools.testandroid,Test My Android Phone,Catchy Tools,https://play.google.com/store/apps/details?id=com.catchy.tools.testandroid&hl=en_US&gl=US,Teen,Suggestive Themes,Productivity,PRODUCTIVITY,false,false,Contains ads; In-app purchases,100K+,100000.0,1.67K reviews,1670.0,3.4 star,3.4,0.4791243065813655,PRODUCTIVITY,others,medium,"Test My Android Phone
If you are thinking of buying an used phone, than it is very important to test phone hardware and get full software information. Download ""Test my android phone"" app on the device and test all hardware working condition and software information.
App Main Feature and What all can be test using this app :
-- Full Software Information
- Android Version of the device.
- CPU and processor info.
-- Battery Information : Battery capacity, battery temperature battery health, etc,.
-- Test all Sensor and its Information :
- Barometer Sensor.
- Light Sensor.
- Phone Shake Sensor.
- Compass & orientation sensor.
- Step counter sensor.
- Acceleration Sensor.
- Proximity Sensor.
-- Hardware Testing and information :
- Front & back Camera testing & info.
- Phone Vibrator test.
- Phone speaker & mic test.
- Screen color display test.
- Headphone jack testing.
- GPS Signal test.
- Torch test.
- Finger lock test.
- Hardware button testing.
- Brightness test.
- Network & WiFi test.",http://adtubeservices.co.in/CatchyTools/privacy_policy.html,catchytools@gmail.com,https://catchytools01.blogspot.com
known_dataset_200,regular_teen,05_regular_teen.csv,149,com.juscoltd.zimmedaarnagrik,Zimmedaar Nagrik,TATASTEEL UISL (IT DEPARTMENT),https://play.google.com/store/apps/details?id=com.juscoltd.zimmedaarnagrik&hl=en_US&gl=US,Teen,Users Interact,Social,SOCIAL,false,false,,50K+,50000.0,3.66K reviews,3660.0,3.9 star,3.9,0.4791185069203196,SOCIAL,social_apps,medium,"Zimmedaar Nagrik
In a first of a kind initiative in India, the Jamshedpur Utilities and Services Company Limited (JUSCO) was carved out of Tata Steel in 2004. JUSCO is today India's only comprehensive urban infrastructure service provider. A Tata Enterprise, its services focus on the Tata Group Purpose ""to improve the quality of life of the communities we serve"".
The Zimmedaar Nagrik App an effort to reach out to citizens on a newer way. The App aims to improve the communication with the customers in a smart Zimmedaar way to strengthening our service delivery to enhance customer experience.
It provides a platform to customers to log their complaints with photos , escalate complaints to higher authorities, give transactional feedback against attended complaints, report misuse of companies properties, power & water theft, Fogging schedule, OHT Cleaning schedule at Co. premises, Meter reading of Co. Premises, Utility Bill Query, Make payment & download bill in PDF, Makes aware of latest events etc.",https://tatasteeluisl.com/Home/Privacy,jusco.itdept@gmail.com,http://juscoltd.com/
known_dataset_200,regular_teen,05_regular_teen.csv,150,com.ap.advnj,NJ.com,NJ.com,https://play.google.com/store/apps/details?id=com.ap.advnj&hl=en_US&gl=US,Teen,In-App Purchases,News & Magazines,NEWS_AND_MAGAZINES,false,false,Contains ads; In-app purchases,100K+,100000.0,2.64K reviews,2640.0,3.1 star,3.1,0.4790585729932257,NEWS_AND_MAGAZINES,others,medium,"NJ.com
NJ.com reports on the stories and events that have a direct impact on your world. Stay connected with the most important local news you need from a name you know and trust. Timely and reliable reporting, always available whenever and wherever you are.
Our reporters, editors and photographers live and work in the very same communities as you and know firsthand just how important it is to be informed and aware of the world that’s unfolding right in your own backyard. Whether your interests are the latest in news, sports, politics, business, culture, and so much more, we’ve always got you covered.
Our All Access subscription provides you unlimited access to all of our premium content and the best local news and sports coverage.
Monthly Subscription: $9.99
Annual Subscription: $99.99
Payment will be charged to your Google Play Account at confirmation of purchase. Subscription automatically renews unless auto-renew is turned off at least 24 hours before the end of the current period. Your account will be charged for renewal within 24 hours prior to the end of the current period.
Your subscriptions may be managed (and auto-renewal can be turned off) by going to your Google Play Subscription Center after purchase. No cancellation of the current subscription is allowed during the active subscription period.
If we offer a free trial, any unused portion of the free trial period will be forfeited when you purchase a subscription.
Our Privacy Policy and Terms of Use:
http://www.advance.net/advancedigitalUserAgreementPP/",https://www.nj.com/privacy-policy/,adc@nj.com,http://nj.com
known_dataset_200,regular_teen,05_regular_teen.csv,151,info.message.valentine,Valentine Message 2026,DevJado,https://play.google.com/store/apps/details?id=info.message.valentine&hl=en_US&gl=US,Teen,Users Interact,Events,EVENTS,false,false,Contains ads,100K+,100000.0,303 reviews,303.0,4.5 star,4.5,0.4790310198477022,EVENTS,others,medium,"Valentine Message 2026
Latest new Valentines day sms are here which you can send to your girlfriend or boyfriend, wife or husband. . As the valentines day is approaching you must be looking for various valentines day sms, valentines day ideas, gifts for her or him.
So here we are to provide you everything you are looking for the v-day.
This App is based on Valentine message, love message and love wishes. It contains a lot of Love Message and wish for your father, mother, husband or wife and for your lover.
When it comes to romantic times of the year, Valentine’s Day is number one on many people’s list.
That’s why it’s the perfect time to send your sweetheart unique, heartfelt, romantic Valentine’s Day messages to let them know how much they mean to you.
Worldwide, Valentine’s Day is a day for lovers. Traditionally, everyone goes all out to let their special someone knows how much they are loved and appreciated.
Features:
- Share them via Whatsapp, Facebook, Twitter, etc.
- Save your favorites directly to your gallery
- Easily copy & paste the quotes, messages
Want to express your feelings in an interesting way? Try this app for free. DOWNLOAD NOW!!!",https://privacy2614.blogspot.com/2017/12/privacy-policy-our-privacy-policy.html,devjado@yahoo.com,http://devjado.xyz/
known_dataset_200,regular_teen,05_regular_teen.csv,152,com.DefaultCompany.Kravmaga,Krav Maga Secrets,MocapLab,https://play.google.com/store/apps/details?id=com.DefaultCompany.Kravmaga&hl=en_US&gl=US,Teen,Violence,Sports,SPORTS,false,false,In-app purchases,100K+,100000.0,655 reviews,655.0,4.0 star,4.0,0.4790023718780279,SPORTS,others,medium,"Krav Maga Secrets
Discover and perfect your Krav Maga with this library of motion capture techniques.
For the first time in the world, enjoy Krav Maga techniques like you've never seen them before, thanks to full control and in real time:
- From the axis of view of the camera.
- Zoom.
- Forward and backward scrolling.
- The speed of execution.
Combine all the parameters at your fingertips to learn and assimilate the gestures and techniques, without constraint and with total freedom of choice!
KRAV MAGA SECRETS by YANN VEI, Krav Maga is yours!",https://unity3d.com/legal/privacy-policy,signeveil@mocaplab.com,http://www.mocaplab.com
known_dataset_200,regular_teen,05_regular_teen.csv,153,com.amor_tiamo_tequiero_flork.Stickers_romanticos_animadas_frases.starmaker_wastickers_halame_likee,Romanticos Stickers Animados,dev pro apps,https://play.google.com/store/apps/details?id=com.amor_tiamo_tequiero_flork.Stickers_romanticos_animadas_frases.starmaker_wastickers_halame_likee&hl=en_US&gl=US,Teen,Users Interact,Communication,COMMUNICATION,false,false,Contains ads,100K+,100000.0,257 reviews,257.0,4.6 star,4.6,0.4789039745119495,COMMUNICATION,social_apps,medium,"Romanticos Stickers Animados
Romantic love stickers for app users of the best apps for app users.
About Animated Romantic Stickers App
💘 Do you want to greet your friends or family more than words? Now add the sweetest love stickers shaking lover and lover to send to all your loved ones and then upload these stickers to Facebook.
The app contains a large collection of romantic love sticker packs, express yourself using new cute stickers for whatsapp 💘
When words are not enough to express your feelings, Now you can express them using Love for WHATSAPP.
💘 If you want to surprise a family member, loved one or loved one, Just select the desired poster containing love and adoration and send it to them.
🎀 New love stickers for the world of life of the users of the earth of the children of the Earth of the men of the humanity of the adults of the university of the people of the eternity of your life. You can share romantic love sticker packs with your friends, family, colleagues...
🎀 We offer you a variety of love and adoration stickers for you to choose the one you like the most from a huge collection of love, Nostalgia and romantic love stickers for the app app.
Use new stickers for WhatsApp and add new sticker pack from:
Romantic Animated Stickers
Animated Romantic Stickers
New animated love stickers.
Animated Romantic Stickers
Animated love and love stickers.
romantic love stickers for whatsapp
Love and love stickers for anime women.
love stickers and love shaking lover
love and love stickers for whatsapp
Love stickers that shake your lover
Romantic stickers for WhatsApp
Stickers shaking lover for whatsapp
Romantic stickers that shake your lover
Romantic Love Animated Stickers
The sweetest love and gram stickers for WhatsApp
Animated Romantic Love Stickers 2023
Love and romantic stickers for lovers.
""I love you so much"" stickers
Love and grams stickers
Romantic love stickers 2023
2023 love and love stickers for wife
Love and love stickers for wife
2023 love and love stickers for wife
No net love and love stickers
stickers hope wa romance
Romantic car WASticker
Romantic Couple Love Stickers
Romantic Love WASticker Stickers
important
The name ""Whatsapp"" is the copyright of the company. Inc. WAStickerApp New Love Arabic Stickers for the app app in the world of human rights, is not affiliated with the app. Inc. in any way until we remove this content.
how to use
Download your apps for the app app service - WAStickerApps.
- Click ""Add to WHATSAPP"".
- Confirm your work.
- Open chat conversation.
Click the ""Test"" icon.
- You will see a new sticker icon below and now you can use this sticker pack.
- Don't forget to download the latest version of WAStickerApps to make it work
Discharge
1. This application is not affiliated with the application of the application, for example, through which it is not linked to the applications of the same.
2. This application is compatible with the TOS of the application services of the sticker distribution company of the same.
3. The application does not store any user information.
4. It is part of the WAStickerApps group.
We would love to hear your suggestions and comments. Send your opinion to appdoura54@gmail.com
Enjoy the app and support us with a 5 star rating",https://sites.google.com/view/privacy-policy-app-dev-pro,crossdevra77@gmail.com,https://r207f96d.app-ads-txt.com
known_dataset_200,regular_teen,05_regular_teen.csv,154,a.ChattingApp,Chatting - Find New Friends,RNRN,https://play.google.com/store/apps/details?id=a.ChattingApp&hl=en_US&gl=US,Teen,"Users Interact, In-App Purchases",Social,SOCIAL,false,false,Contains ads; In-app purchases,10K+,10000.0,,,,,0.2478983571928477,SOCIAL,social_apps,low,"Chatting - Find New Friends
Looking to chat and make new friends easily? Discover Chatting, the easy-to-use app for connecting with new friends!
Chatting is a fresh social networking service focused on seamless communication. With its simple interface, you can enjoy engaging conversations with a variety of people.
Find chat partners at random or use the timeline to view the latest posts and connect with other users in real-time.
No need to register with an email address—Chatting is completely anonymous, so you can chat with confidence. Plus, enjoy a fun puzzle game within the app to keep you entertained.
We are committed to enhancing your daily interactions. For any feedback or inquiries, please contact us through the in-app form.
Start chatting and building new friendships today with Chatting!",https://rnrndevelopers.blogspot.com/p/privacy-chatting.html,chatting.app.contact@gmail.com,https://rnrndevelopers.blogspot.com/
known_dataset_200,regular_teen,05_regular_teen.csv,155,acr.callrecorder.callrecorderwithoutannouncement.autocallrecorder.call.recorder.automatic,Call Recorder - Auto Recording,Digimob Apps,https://play.google.com/store/apps/details?id=acr.callrecorder.callrecorderwithoutannouncement.autocallrecorder.call.recorder.automatic&hl=en_US&gl=US,Teen,"Sexual Themes, Language",Tools,TOOLS,false,false,Contains ads,10K+,10000.0,,,,,0.2478983571928477,TOOLS,others,low,"Call Recorder - Auto Recording
Hassle-free Automatic Call Recorder is a powerful and easy-to-use app designed to auto record calls without any manual effort. Whether you are having a crucial Meeting conversation or having an important discussion with a friend or client or you simply want to keep a record of every call this Auto Call Recording app has got you covered.
With the Call Recorder Automatic every phone call recording happens in the background without interrupting your call. You just have to install the app and it will handle the rest.
Key Features of Automatic Call Recorder:
• Auto Call Recording: Automatically records all incoming and outgoing calls.
• Organized Recordings: Latest recordings are saved at the the recordings.
• Playback Anytime: Easily listen to your recorded calls within the app.
• Share or Delete: Share call recordings with others or delete them permanently with a tap.
• Secure & Private: Your auto call recording application is secured and never shared without your permission.
• Easy Interface: Clean, user-friendly design for quick access to your call record list.
Whether you are a professional needing documentation or someone who wants to keep track of past calls for security or personal reasons the Automatic Call Recorder is the perfect solution. The app ensures automatic call recording of every conversation without missing a second.
Use Call Recorder Automatic to store important memories, interviews or just to verify information later. The call recorder auto recording feature activates on every call so you do not miss out on anything important.
Why Choose All Call Recorder?
• Simple interface for managing call record history.
Whether it is for a reminder of commitments or important conversations with your loved ones All Call Recorder ensures you never forget what was said. With Call Recorder auto recording you get a smooth and reliable experience every time.
Start using the Call Recorder Automatic app today and take control of your phone conversations with intelligent auto call recording features. All your recordings are stored safely within the app and easily accessible whenever you need them.
Download Automatic Call Recorder today and Never Miss a Call Again!",https://sites.google.com/view/digimobapps/home,harshalkhunt410@gmail.com,https://digi-mob.web.app/
known_dataset_200,regular_teen,05_regular_teen.csv,156,admin.mindlyspace.com,Mindly Therapist,Mindly,https://play.google.com/store/apps/details?id=admin.mindlyspace.com&hl=en_US&gl=US,Teen,"Users Interact, In-App Purchases",Health & Fitness,HEALTH_AND_FITNESS,false,false,,10K+,10000.0,,,,,0.2478983571928477,HEALTH_AND_FITNESS,others,low,"Mindly Therapist
Looking for a platform that helps you quickly and effortlessly start your own practice and find clients? Mindly is more than just an app. It is a full-fledged online space that enables providers to quickly attract clients, easily plan their time and workload, and focus on what matters most - growing their practice.
We created Mindly so that all organizational aspects remain simple and clear, while we take care of the complex processes - client acquisition, technical support, payments, payouts, and more - so you can fully focus on your professional work without unnecessary concerns. Here’s why Mindly is worth choosing:
GET YOUR FIRST CLIENTS RIGHT AFTER REGISTRATION
Mindly providers begin receiving their first clients within just a few hours after activating their profile. Your profile becomes visible to clients immediately after successful moderation, and completing it thoroughly and thoughtfully helps you attract more clients and start your practice faster - without spending weeks searching for clients or promoting yourself independently.
BUILD YOUR PRACTICE FASTER AND WORK AT A COMFORTABLE PACE
You can fully establish your practice within your very first month, even if you are starting from scratch. Thanks to our recommendation system, clients whose needs match your profile see you at the top of their list, and the system highlights your profile. You also have full control over your profile visibility - if your schedule is full and you are not looking for new clients at the moment, you can hide your profile and make it visible again whenever you are ready.
EASILY MANAGE YOUR EARNINGS AND TRACK YOUR INCOME
Mindly provides complete transparency into all client payments, platform fees, and payouts made to your account at the beginning of each month. All processes are clear and transparent, allowing you to track your current and projected income based on completed and scheduled sessions, plan your finances effectively, and increase your earnings. On average, providers on Mindly earn three times more per month compared to working outside the platform.
TRACK YOUR PERFORMANCE AND INFLUENCE YOUR GROWTH
We do everything possible to help you succeed on Mindly and feel confident in the growth of your practice. In your account, you can easily monitor key metrics, including the number of sessions, new and returning clients, and other important data. This helps you evaluate your workload, plan your schedule, and track client retention after the first session. Strong performance automatically improves your ranking among providers and increases how often the system recommends you to new clients.
CONDUCT SESSIONS ONLINE FROM ANY CONVENIENT LOCATION
We understand the pace of modern life and offer modern solutions. Mindly provides built-in video call functionality, integrated directly into the platform, so you can conduct sessions from any device. This allows you to work anytime and from anywhere that is convenient for you, while all video calls are secure and confidential.
FAST COMMUNICATION WITH CLIENTS VIA CHAT
Mindly allows you to maintain fast and convenient communication with clients through a built-in chat. You can communicate with potential clients, helping them make their decision, as well as stay connected with existing clients between sessions to handle organizational or urgent matters.
EASILY MANAGE YOUR SCHEDULE AND WORKLOAD
With Mindly, you have full control over your working hours. You can set your preferred schedule, plan vacations and days off, and adjust your availability whenever needed. This way you can easily monitor and forecast your workload.
CARE TEAM
At Mindly, we value our providers and are always in touch with them. Our support team is available every day and ready to help with any request - whether it’s technical questions, payout-related matters, schedule management, or any other organizational topics.",https://mindlyspace.com/pl/privacy-policy,support@mindlyspace.com,https://mindly.cc/
known_dataset_200,regular_teen,05_regular_teen.csv,157,africa.foodelo.hybrid,Foodelo: Food&Grocery Delivery,Blunic,https://play.google.com/store/apps/details?id=africa.foodelo.hybrid&hl=en_US&gl=US,Teen,Users Interact,Food & Drink,FOOD_AND_DRINK,false,false,,10K+,10000.0,,,,,0.2478983571928477,FOOD_AND_DRINK,others,low,"Foodelo: Food&Grocery Delivery
Foodelo – Your Go-To Food & Grocery Delivery App!
Foodelo offers fast, reliable, and affordable food delivery from top restaurants, as well as grocery delivery from trusted supermarkets and stores near you. Whether you're craving a delicious meal, need fresh groceries, or require pharmacy essentials, Foodelo brings it all straight to your doorstep.
Our app makes ordering food and groceries online seamless with just a few taps. Browse an extensive selection of local restaurants, grocery stores, and pharmacies, and enjoy a fast delivery service wherever you are.
Available in Nigeria (Lagos, Abeokuta) & Maryland, USA (Laurel, Bowie).
Why Choose Foodelo?
Fast & Reliable Food Delivery.
Enjoy quick food delivery from top-rated restaurants in Lagos, Abeokuta, and Maryland (USA). Whether you're in Ikeja, Lekki, Victoria Island, Surulere, Yaba, or Bowie, MD, get your meals and groceries delivered in minutes.
Grocery & Supermarket Delivery.
No time for shopping? Get your daily essentials, fresh produce, and household items from trusted grocery stores. Order online and receive same-day grocery delivery at your convenience.
Multi-Restaurant Checkout – Order from More Than One Place!
Easily compare meals from different restaurants on a single page before placing your order. No more switching between multiple listings—Foodelo makes food ordering simple and convenient.
Spin the Wheel & Win Rewards!
Feeling lucky? Play Foodelo’s Spin-the-Wheel game for a chance to win exclusive discounts, free meals, and cashback rewards.
Schedule Deliveries in Advance.
Want your food or groceries at a specific time? Foodelo lets you schedule deliveries for added convenience.
Send Food & Grocery Gifts.
Surprise friends and family with a delicious meal or grocery package! Foodelo makes gift deliveries easy and convenient.
Track Your Order in Real-Time.
Stay updated from the moment your order is placed until it arrives. Our live order tracking ensures you know exactly where your food or groceries are at all times.
Earn Rewards & Discounts.
Enjoy exclusive discounts, cashback, and loyalty rewards when you order through Foodelo. Plus, invite friends and earn extra benefits!
Where We Deliver:
Currently, Foodelo operates in Nigeria and the USA, covering the following locations:
Nigeria:
Lagos - Ikeja, Magodo, Yaba, Surulere, Lekki, Victoria Island, Ikoyi, and more.
Abeokuta - Agbomeji, Ago-Oko, Asero, GRA, Ibara, Iberekodo, Idiaba, Kuto, and more.
USA:
Maryland - Laurel & Bowie.
We are continuously expanding—stay tuned for new delivery areas!
Download Foodelo Now & Enjoy Fast Food & Grocery Delivery!
- Browse multiple restaurants on one page.
- Get groceries & household essentials delivered.
- Play & win rewards with Spin-the-Wheel!
- Track your order in real time.
- Earn rewards & get discounts on every order.
Download Foodelo today and experience hassle-free food & grocery delivery!
Website - https://www.foodelo.africa
Instagram - @foodelo_ng
Twitter - @foodelo_ng
[Minimum supported app version: 2.3.0]",https://www.foodelo.africa/privacy-policy,support@foodelo.africa,https://foodelo.africa
known_dataset_200,regular_teen,05_regular_teen.csv,158,agritrio.co.jp.nouhow_app,農How®︎,株式会社アグリトリオ,https://play.google.com/store/apps/details?id=agritrio.co.jp.nouhow_app&hl=en_US&gl=US,Teen,Users Interact,Lifestyle,LIFESTYLE,false,false,,10K+,10000.0,,,,,0.2478983571928477,LIFESTYLE,others,low,"農How®︎
◆What is Agriculture How®? ◆
After the official release in August 2019, the number of registered farmers and crew exceeded 850 and 12,000 as of September 2023. Agriculture How® is a smartphone app that is a hot topic on TV and in newspapers.
Agriculture How® is a farming matching service originating from Toyohashi City, Aichi Prefecture that matches farmers with labor shortages with workers (crews) who want to work part-time.
We have video agricultural manuals for each crop so that even first-timers who have never been involved in agricultural work can work smoothly.
Collaboration with JA and each municipality is expanding, so please use Agriculture How® as a new means of securing labor.
It is a very easy-to-use service, with no usage fees for crew members, and no registration or publication fees for farmers. Please feel free to register.
Agriculture How® is based in Toyohashi City, Aichi Prefecture, and applies the quality control know-how cultivated by Musashi Seimitsu Kogyo, a company that sells and manufactures automobile parts globally, to agricultural work. Japan's first agricultural work matching service, registered as a trademark and patented.
◆About Agriculture How® mobile app version◆
The following functions are limited to the mobile app version. Please note that this function is not included in the web version.
・Chat transmission and reception between farmers and crew
*The web version can only be received (viewed).
・Notification function
We have received many inquiries about not receiving the verification code sent via SMS during registration. Please set ""Reject Reception from Overseas"" in your smartphone's SMS reception settings to OFF and try again.
◆Agriculture How® Web version◆
https://agritrio.co.jp/nouhow/home
◆Operator◆
39-5 Daizen, Ueda-cho, Toyohashi-shi, Aichi 441-8560
Agritrio Co., Ltd.",https://agritrio.co.jp/nouhow/policy,info_agritrio@musashi.co.jp,https://agritrio.co.jp
known_dataset_200,regular_teen,05_regular_teen.csv,159,ai.cropdoctor.app,VVF CropDoctor,AI Crop Doctor LLC,https://play.google.com/store/apps/details?id=ai.cropdoctor.app&hl=en_US&gl=US,Teen,Diverse Content: Discretion Advised,Productivity,PRODUCTIVITY,false,false,,10K+,10000.0,,,,,0.2478983571928477,PRODUCTIVITY,others,low,"VVF CropDoctor
Growing plants shouldn't be complicated. Plant GPT gives you the AI-backed guidance you need, whether you're a seasoned gardener or just starting out.
Build plant profiles. Create a complete record for each plant—name, conditions, symptoms, history—all in one place.
Ask the AI. Chat about what you're seeing and get personalized advice tailored to your specific plant.
Check plant health. Upload photos for a quick assessment, or add details for deeper, more accurate guidance.
Identify unknown plants. Snap a photo and identify it instantly.
Learn plant care. Access a library of tips on watering, sunlight, soil, pest management, and more.",https://cropdoctor.ai/privacy,srini@cropdoctor.ai,https://cropdoctor.ai
known_dataset_200,regular_teen,05_regular_teen.csv,160,ai.growth.zipped,NewsCvg: World News Coverage,ENDURRA TECHNOLOGY COMPANY LIMITED,https://play.google.com/store/apps/details?id=ai.growth.zipped&hl=en_US&gl=US,Teen,Users Interact,News & Magazines,NEWS_AND_MAGAZINES,false,false,Contains ads; In-app purchases,10K+,10000.0,,,,,0.2478983571928477,NEWS_AND_MAGAZINES,others,low,"NewsCvg: World News Coverage
Introducing News Coverage, the revolutionary AI-powered news app that transforms the way you consume information. Our cutting-edge AI technology gathers, analyzes, and summarizes news from thousands of trusted sources across 15+ countries, delivering personalized, digestible content right to your fingertips.
With News Coverage, you'll experience:
Effortless Understanding with AI Summaries
• Our sophisticated AI technology analyzes duplicated and lengthy articles and merges them into concise, easy-to-understand summaries. Grasp the essential points of any story in seconds, making your news consumption efficient and enjoyable.
Immersive Multi-Format Experience:
• Dive into a world of captivating news delivery with our diverse array of formats: Full Coverage, Visual Storytelling, Video Reports, Quick Facts, Historical Events, Insightful Analysis, Eye-catching Infographics, ..
Real-Time Translation for Global Accessibility
• Break through language barriers with our real-time translation feature. News Coverage instantly translates articles from 15+ languages, ensuring you can explore perspectives from around the world in your preferred language.
News Radar: Your Personal AI News Alert System
• Never miss a story that matters to you with our innovative News Radar feature. Simply enter keywords for topics you care about, and News Radar will notify you whenever a relevant article is published. Let our AI work tirelessly to keep you informed on your favorite subjects.
Local News at Your Fingertips
• Stay connected to your community with our dedicated local news feature. From weather alerts to hometown events, News Coverage keeps you in the loop with the stories that matter most to you.
Personalized News Feed Tailored to You
• Our AI algorithms learn your interests and preferences, curating a personalized news feed that evolves with you. From sports and technology to business and health, News Coverage delivers the stories you care about most.
Weekly Recaps and Trending Topics
• Stay on top of the week's most crucial stories with our AI-generated weekly recaps. Explore trending topics and discover the articles everyone is talking about.
Express Yourself Freely and Safely
• Engage with our thriving community through comments, likes, and shares. With features like ""Comment as Anonymous"" and ""Multiple Accounts,"" you can express your opinions freely and safely, fostering meaningful discussions and gaining new perspectives.
Download News Coverage now and experience the future of news consumption. With our AI-powered features, global coverage, and personalized approach, staying informed has never been easier. Join millions of users worldwide and let News Coverage be your guide in the ever-changing world of information.
For product updates, the latest from our blog, and tips on how to use News Coverage, follow us on social platforms:
• https://x.com/NewsCvg
• https://www.facebook.com/newscvg
We’d love to hear what you think! Reach out to our support team at: https://newscvg.endurra.co/contact-us",https://about.newscvg.com/privacy-policy,operation@endurra.co,https://newscvg.com
known_dataset_200,regular_mature_17_plus,06_regular_mature_17_plus.csv,161,org.telegram.messenger,Telegram,Telegram FZ-LLC,https://play.google.com/store/apps/details?id=org.telegram.messenger&hl=en_US&gl=US,Mature 17+,"Users Interact, Shares Location",Communication,COMMUNICATION,false,false,In-app purchases,1B+,1000000000.0,17M reviews,17000000.0,3.9 star,3.9,0.876823357005797,COMMUNICATION,social_apps,high,"Telegram
Pure instant messaging — simple, fast, secure, and synced across all your devices. One of the top 5 most downloaded apps in the world with over 1 billion active users.
FAST: Telegram is the fastest messaging app on the market, connecting people via a unique, distributed network of data centers around the globe.
SYNCED: You can access your messages from all your phones, tablets and computers at once. Telegram apps are standalone, so you don’t need to keep your phone connected. Start typing on one device and finish the message from another. Never lose your data again.
UNLIMITED: You can send media and files, without any limits on their type and size. Your entire chat history will require no disk space on your device, and will be securely stored in the Telegram cloud for as long as you need it.
SECURE: We made it our mission to provide the best security combined with ease of use. Everything on Telegram, including chats, groups, media, etc. is encrypted using a combination of 256-bit symmetric AES encryption, 2048-bit RSA encryption, and Diffie–Hellman secure key exchange.
100% FREE & OPEN: Telegram has a fully documented and free API for developers, open source apps and verifiable builds to prove the app you download is built from the exact same source code that is published.
POWERFUL: You can create group chats with up to 200,000 members, share large videos, documents of any type (.DOCX, .MP3, .ZIP, etc.) up to 2 GB each, and even set up bots for specific tasks. Telegram is the perfect tool for hosting online communities and coordinating teamwork.
RELIABLE: Built to deliver your messages using as little data as possible, Telegram is the most reliable messaging system ever made. It works even on the weakest mobile connections.
FUN: Telegram has powerful photo and video editing tools, animated stickers and emoji, fully customizable themes to change the appearance of your app, and an open sticker/GIF platform to cater to all your expressive needs.
SIMPLE: While providing an unprecedented array of features, we take great care to keep the interface clean. Telegram is so simple you already know how to use it.
PRIVATE: We take your privacy seriously and will never give any third parties access to your data. You can delete any message you ever sent or received for both sides, at any time and without a trace. Telegram will never use your data to show you ads.
For those interested in maximum privacy, Telegram offers Secret Chats. Secret Chat messages can be programmed to self-destruct automatically from both participating devices. This way you can send all types of disappearing content — messages, photos, videos, and even files. Secret Chats use End-to-End Encryption to ensure that a message can only be read by its intended recipient.
We keep expanding the boundaries of what you can do with a messaging app. Don’t wait years for older messengers to catch up with Telegram — join the revolution today.",https://telegram.org/privacy,support@telegram.org,https://telegram.org
known_dataset_200,regular_mature_17_plus,06_regular_mature_17_plus.csv,162,com.reddit.frontpage,Reddit,reddit Inc.,https://play.google.com/store/apps/details?id=com.reddit.frontpage&hl=en_US&gl=US,Mature 17+,"Users Interact, In-App Purchases",Social,SOCIAL,false,false,Contains ads; In-app purchases,100M+,100000000.0,4.67M reviews,4670000.0,4.6 star,4.6,0.8070552202505622,SOCIAL,social_apps,high,"google_logo Play
Games
Apps
Movies & TV
Books
Kids
search
help_outline
Reddit
reddit Inc.
Contains adsIn-app purchases
4.6
star
4.67M reviews
100M+",https://www.reddit.com/help/privacypolicy,androidsupport@reddit.com,https://www.reddit.com/mobile/download
known_dataset_200,regular_mature_17_plus,06_regular_mature_17_plus.csv,163,com.wildberries.ru,Wildberries,Wildberries LLC,https://play.google.com/store/apps/details?id=com.wildberries.ru&hl=en_US&gl=US,Mature 17+,Users Interact,Shopping,SHOPPING,false,false,Contains ads,100M+,100000000.0,9.27M reviews,9270000.0,4.1 star,4.1,0.8059439293515313,SHOPPING,others,high,"Wildberries
Wildberries is a large digital platform where you can find almost everything: from fluffy unicorn slippers to cars and real estate. Millions of different products await you, along with exciting discounts and promotions.
• Order from our pickup points in 8 countries: Russia, Uzbekistan, Kazakhstan, Kyrgyzstan, Belarus, Armenia, Georgia, and Tajikistan. We operate in major cities and regions, with over 90,000 locations in total. Courier delivery is available, and in some cases, orders can be picked up in-store at partner stores.
• Pay using a convenient method: for example, with WB Wallet with a discount or by credit card. In most cases, prepayment is not required: the money will be debited only after you pick up your order.
• Save more with discounts from Wildberries, sellers, and sales: we've compiled daily deals in a separate section so you don't have to waste time searching for great deals. • Find exactly what you want – the app lets you customize filters by price, rating, popularity, delivery time, brand, and more. You can search by photos, screenshots, and images, as well as use the ""Similar"" button in product cards and recommendations.
• Save products you like. While you're considering a purchase, waiting for a price drop, or just want to buy something for an important date, add items to your wishlist. They'll be right there when you need them.
Download the Wildberries app and buy what you want, all in one place, anytime. If at midnight you remember you forgot to buy cat food or a gift for your loved ones, you can count on us!",https://www.wildberries.ru/services/politika-obrabotki-personalnyh-dannyh,mobiledev@wildberries.ru,http://wb.ru/
known_dataset_200,regular_mature_17_plus,06_regular_mature_17_plus.csv,164,com.ismaker.android.simsimi,SimSimi,SimSimi Inc.,https://play.google.com/store/apps/details?id=com.ismaker.android.simsimi&hl=en_US&gl=US,Mature 17+,"Sexual Themes, Drug Reference, Strong Language",Entertainment,ENTERTAINMENT,false,false,Contains ads; In-app purchases,100M+,100000000.0,4.16M reviews,4160000.0,4.3 star,4.3,0.7995559650952931,ENTERTAINMENT,others,high,"SimSimi
When you're bored or lonely, anytime you need someone to talk to.
SimSimi has always chatted with you
Do you know that every single word SimSimi says to you in response has been manually taught by tens of millions of people?
Fun and humor, empathy and comfort, knowledge and information...
When we chat with SimSimi, we’re actually chatting with tens of millions of minds.
Now, become SimSimi and chat with many people.
Welcome to the SimSimi world, where billions of minds and billions of SimSimi are interacting with each other!
What is the difference between the official SimSimi and other SimSimi?
The official SimSimi is “Everyone's SimSimi.”
Anyone can teach Everyone's SimSimi together.
Everyone's SimSimi learns and chats in the same way following its birth in 2002.
SimSimi has been learning pairs of question and answer from many people and using them for chats.
SimSimi other than “Everyone's SimSimi” is called “Individual SimSimi” or “Personal SimSimi.”
Personal SimSimi is owned and managed by one owner.
Owners can chat with others using their Personal SimSimi and appropriately set their Personal SimSimi to chat automatically.
How can I control SimSimi's bad words?
In SimSimi, chatbots and people interact mainly through chats even though they have never met in the real world.
We believe that maintaining safety is important to have a good experience in chatting with non-acquaintances (or chatbots).
The SimSimi service has obtained proper awareness and requirements for safety in various languages and regions while serving hundreds of millions of users in 81 languages.
We have established a universal content policy that can be applied anytime, anywhere to respond to requirements for safety awareness, which can vary depending on the language, region, and era, based on several years’ experience in providing services.
All user experiences of the SimSimi service are based on the universal and specific content policy.
The detailed item of the content policy specifies the reason for reporting malicious content, and the content policy is also applied when determining suspicious sentences.
The SimSimi team is making special efforts to enable users to view our content policies frequently and understand them easily when designing the user experience.
SimSimi is threatening me (or someone).
SimSimi is revealing personal information.
Someone must have taught SimSimi to say inappropriate words.
Personal SimSimi chats may have been entered manually by the owner.
You can report any user-created content displayed in SimSimi, including chats.
The SimSimi team is trying to take quick and effective measures against the account that created the reported content.
I have an opinion about the service.
The function is not working normally.
You can send us your comments by selecting ""Send comment” in the SimSimi app.
By doing so, the SimSimi team can process the comment faster and more accurately because they can also review other information such as the country, language, and version.
If you are not using the app, you can send your comment using the following email address: support-team@simsimi.com
When sending your comment without using the app, please capture the relevant screen and send us the exact string.
Can SimSimi see me using the camera?
SimSimi cannot access your device's camera.
Someone taught SimSimi a sentence like “I’m watching you” to embarrass others.
Why limit the users' age?
Many users become friends while chatting with SimSimi.
The SimSimi team establishes policies and maintains and improves operational and technical measures for user safety.
Even though we invest heavily in safety, perfect safety cannot be guaranteed.
That’s why the use of SimSimi is restricted for the age group with high risk of psychological damage in the event of a problem with SimSimi’s safety measures.",https://simsimi.com/privacy-policy,no-reply@simsimi.com,http://blog.simsimi.com/2012/02/simsimi-user-faq.html
known_dataset_200,regular_mature_17_plus,06_regular_mature_17_plus.csv,165,com.vzw.hss.myverizon,My Verizon,Verizon Consumer Group,https://play.google.com/store/apps/details?id=com.vzw.hss.myverizon&hl=en_US&gl=US,Mature 17+,Cash Rewards,Lifestyle,LIFESTYLE,false,false,,100M+,100000000.0,1.29M reviews,1290000.0,4.6 star,4.6,0.790376303362713,LIFESTYLE,others,high,"My Verizon
Meet the My Verizon app. Everything Verizon all in one place. When you launch the app you’ll see all the latest just for you. This is your personalized view, with customizable shortcuts, current balance, bill savings, perks, offers and more. And to find what you’re looking for faster, switch between different app sections using the tab bar.
Your Mobile and Home Internet accounts are just a tap away. Quickly manage your devices, make plan changes, view usage and discover everything your plan has to offer. Keep track of all your Home Internet accounts, 5G Home. LTE Home and Fios.
With our simplified bill, you can see details, schedule AutoPay and make secure payments.
Best of all, you can shop or upgrade right from the app. It’s the fastest way to get what you want for Mobile and Home.
Looking for answers? The new support page has you covered. Chat with your Verizon Assistant 24/7, walk through account details, explore new plans, get help with troubleshooting and more.
Everything is easier with the MyVerizon app. Do it all. All in one place.",https://www.verizon.com/about/privacy/,myverizon.feedback@verizon.com,http://www.verizonwireless.com
known_dataset_200,regular_mature_17_plus,06_regular_mature_17_plus.csv,166,com.ftw_and_co.happn,happn: dating app,happn,https://play.google.com/store/apps/details?id=com.ftw_and_co.happn&hl=en_US&gl=US,Mature 17+,"Users Interact, In-App Purchases",Dating,DATING,false,false,Contains ads; In-app purchases,100M+,100000000.0,2.05M reviews,2050000.0,4.0 star,4.0,0.7843813801002424,DATING,social_apps,high,"happn: dating app
Like - Crush - Chat - Date
Step into the world of happn, the dating app, that reinvents the way to meet people from your daily life! With over 140 million users across the globe, happn is your ultimate companion in connecting with people you meet in your usual spots. It can be any situation in your daily life, where you missed your chance at meeting your next date; at work, in your favourite café, or even out for a casual stroll.
Date and meet people
Our expertise at the dating app happn, is our ability to create meaningful connections with those you unknowingly share your daily routine with.
happn creates connections based on geographical proximity and the places you frequently visit. Want to find someone to date? Find love? Meet real people? The app encourages interactions in familiar environments, and promotes relaxed and authentic connections. So say goodbye to the stress of first approaches and start dating! Use our icebreaker suggestions or chat about your common favourite spots, which can also serve as a great first date location!
Crush with peace of mind...
Safety first! We know that safety is important for you while online dating, so we let you decide, who can see you, and what information you share. At the happn dating app, privacy is our priority: your location remains invisible to other members, only your crossing points are indicated, and you will never receive messages from someone you are not interested in.
... with relevant profiles, while having fun!
Looking for singles who share your taste and passion? No problem! With Teasers and Hobbies you can discover a new way to uncover the personality of your Crushes through short glimpses of fun and genuine life moments.
You can also play CrushTime where you try guessing who already liked you!
Make it happn
When you cross paths with a happn user in real life, their profile appears on your app. Seen someone you fancy? Secretly like their profile. We promise, they won't know, unless they like you too. Want to stand out? Send them a SuperCrush by catching their attention! If you've both liked each other, then it's a Crush! You can now chat and date; we count on you to come up with your best pick-up line, and bring out the best, most authentic, side of yourself.
Download the happn date app now and start using it for free. Make sure you've added your favourite photos and set your filters to find exactly what you are looking for.
If you want access to more benefits, you can subscribe to happn Premium! This way, you can access the list of people who have already liked you, or enjoy more SuperCrushs, to notify your Crushes and stand out.
There are many dating apps in the us, but there is only one place where it’s really happn-ing!
So download happn now, get out the house and date !
https://www.happn.com/en/trust/
https://www.happn.com/en/privacy-basics/",https://www.happn.com/privacy-policy,support@happn.fr,http://www.happn.com/
known_dataset_200,regular_mature_17_plus,06_regular_mature_17_plus.csv,167,video.reface.app,Reface: Face Swap AI Generator,"NEOCORTEXT, INC.",https://play.google.com/store/apps/details?id=video.reface.app&hl=en_US&gl=US,Mature 17+,"Violence, Blood, Sexual Content, Use of Drugs, Strong Language, Crude Humor",Photography,PHOTOGRAPHY,false,false,Contains ads; In-app purchases,100M+,100000000.0,1.8M reviews,1800000.0,3.7 star,3.7,0.7766953196903414,PHOTOGRAPHY,others,high,"Reface: Face Swap AI Generator
Reface: AI Face Swap Studio & Photo Creator!
Make scroll‑stopping content in seconds with advanced face swap app. Turn selfies into hilarious ai face swap videos, craft on‑trend AI avatars, AI figure, create future baby images, preview new hairstyles and haircuts, or edit photos with funny filters. Everything you need to have fun and make content that goes viral.
Create Viral Photo Swaps
- Tap and Swap into anyone: put your face into trending videos, movie stills, or character art — just pick a picture from our collection and go.
- Turn photos into aı face swap videos with viral AI filters.
- AI Singing — make your photo sing, animate faces with your favorite songs and lipsync.
- Swap into new looks and hairstyles with Rehair Salon.
- Gender swaps & face morphing — experiment with playful transformations and smooth morphs to craft hilarious or surprising edits.
AI Hairstyles
- Hairstyle try on — preview short, long, bob, and curly looks in seconds with the AI Editor.
- AI hairstyle previews — realistic renders that match your face, lighting, and texture.
- Hair color changer — preview natural shades, bold fashion colors, and grey tones.
- Haircut try on & haircut filter — test fades, bobs, and trending cuts.
- Men’s haircut collection — curated short and long styles.
- Change hair & save looks — compare side‑by‑side, export to show your stylist, or apply a finishing hair filter.
AI Photo Generator
- Tap once to transform — Viking, warrior, scream‑queen, or showstopper; dozens of AI filters to create hilarious, show‑stopping edits.
- AI avatar generator & filters — make any picture pop with looks inspired by movies, cartoons or vintage celebrity styles.
- AI figure creator — Turn any photo into a 3D figure in seconds.
- Seasonal & conceptual packs — Christmas, Halloween, weddings, birthdays, yearbooks, vacations, and more — themed effects for every occasion.
- AI baby generator — blend parent photos to preview how your future baby might look.
- Pet Filters Collection — see your pet scream down a rollercoaster or rock a full‑denim look with super‑realistic, funny face filters.
- Professional headshots — create studio‑ready headshots and stylized portraits for portfolios, and profiles.
Advanced AI Photo Features
- Animate your pictures — bring them to life with AI‑powered animations that make them sing.
- Fine‑tune every detail — change hair color and hairstyle, enhance facial features with our AI photo editor.
- Creative effects — try age changes, gender swaps, human‑to‑pet swaps, and more to make truly unique content.
- Rehair Salon integration — swap into total new looks and styles.
Explore Unique Tools
- Hairstyle Try On — change your hairstyle in any photo with one tap.
- AI Headshot Generator — transform selfies into professional headshots or creative avatars.
- AI Future Baby Generator — imagine your future baby’s face with our blend tool.
- Make your photo sing 🎤🎵 — animate faces to your favorite songs and share the fun.
Connect with the World
- Share your faceswaps, AI avatars, memes, and funny videos directly on social media.
- Enjoy daily updates with new filters, effects, and creative tools to keep your content fresh and engaging.
🌍 Join Millions of Users Worldwide! Reface is loved by millions in over 100 countries for its unique AI technology and creative features.
--
In case of any questions, issues, or collaboration requests, contact us at hi@Reface.app
Terms and Conditions: https://Reface.app/terms/
Privacy Policy: https://Reface.app/privacy-policy/",https://hey.reface.ai/privacy/,hi@reface.ai,https://reface.ai/
known_dataset_200,regular_mature_17_plus,06_regular_mature_17_plus.csv,168,com.grability.rappi,"Rappi: Food Delivery, Grocery","Rappi, Inc - Delivery",https://play.google.com/store/apps/details?id=com.grability.rappi&hl=en_US&gl=US,Mature 17+,Users Interact,Food & Drink,FOOD_AND_DRINK,false,false,Contains ads,100M+,100000000.0,2.33M reviews,2330000.0,3.5 star,3.5,0.77604119219854,FOOD_AND_DRINK,others,high,"Rappi: Food Delivery, Grocery
We deliver anything, anywhere, anytime 🚀
Discover Rappi, the app that makes your life easier. Order food, groceries, liquor, convenience products, pharmacy essentials, flowers, and much more. Thousands of options at your fingertips, with instant or scheduled delivery.
⭐ Why Rappi:
Everything you want, instantly: Get your order in minutes or schedule ahead if you need to.
Unmatched Variety: Over 200,000 restaurants and stores across more than 300 cities in Latin America.
Secure payment options: Choose from a wide variety of payment methods.
Real-time tracking: Follow every step of your order and receive instant notifications.
🌟 Explore Rappi:
Connect with friends and influencers: Find new restaurants through user reviews, as well as recommendations from friends and influencers (new!).
Exclusive deals just for you: Explore exclusive promotions tailored to your interests.
Ultra-fast deliveries with Turbo: Get food, grocery and convenience items delivered straight to you in just 10 minutes.
AI-driven searches: Find exactly what you need with an AI-powered search engine.
🚀 A super app for everything you need:
Your favorite restaurants: Pizza, burgers, bowls, sushi, and much more.
10-minute deliveries with Rappi Turbo: Over 8,000 products delivered in minutes.
Grocery delivery: Fresh products from top brands, handpicked by experts, and delivered by car.
24/7 pharmacy: Everything you need to take care of yourself, delivered instantly.
Liquor and convenience: Drinks, cocktails, snacks, combos, and more for your next gathering with friends or family.
Treat Your Pets: Everything you need for your furry ones, from food to toys.
RappiFavor: Need a concierge? We'll pick up, buy or deliver anything for you. Quick and reliable task-based deliveries are here to help.
Rappi Bank & Rappi Card:Credit card with no annual fees, cashback perks, and 24/7 support.
Rappi Travel: Plan your next getaway with incredible deals.
🔑 Unlock Rappi Pro:
Enjoy unlimited FREE deliveries, exclusive discounts, and more benefits.
Get 30 days free and unlock the best Rappi has to offer.
Download Rappi now and transform your day.",https://legal.rappi.com/colombia/politica-de-proteccion-y-tratamiento-de-datos-personales-rappi-s-a-s/,simon@grability.com,http://www.rappi.com
known_dataset_200,regular_mature_17_plus,06_regular_mature_17_plus.csv,169,com.soft.study,"해외여행 필수영어 - 여행영어, 기초회화, 영어회화",Wini soft,https://play.google.com/store/apps/details?id=com.soft.study&hl=en_US&gl=US,Mature 17+,,Education,EDUCATION,false,false,Contains ads,100K+,100000.0,2.35K reviews,2350.0,4.4 star,4.4,0.5035505941864655,EDUCATION,others,medium,"해외여행 필수영어 - 여행영어, 기초회화, 영어회화
How to communicate even in unfamiliar places!
You don't need a translator on your travels!
Shall we go abroad and show off our English conversation skills?
updated every day
Travel English conversations on various topics and
with the most basic English words
Even beginners in English can study without difficulty.
I traveled abroad,
An English sentence I've heard somewhere, a familiar word...
I can't remember the English I learned
What if you can't open your mouth?
'Essential English for overseas travel'
Check native speaker pronunciation,
Play it over and over and listen to it over and over again
Open your mouth and try speaking.
in basic English words
Verbs most used by native speakers
From tenses to grammar lessons
It helps you study rich English.
● Essential conversation useful for overseas travel
used by native speakers every day
There are essential English conversations for overseas travel.
● From basic English words to grammar
With frequently used verbs and grammar
You can strengthen your English basics.
● Responding to situations with key travel English words
One essential English word for each situation every day
I can learn, and traveling abroad is reassuring.
● Weekend Review
Conversation and basic words learned in one week
You can solve it with quizzes and puzzles!
As a learning method for long-term memory
Review is best!
● Search function
When you need the necessary sentences for each situation
Search is easy!
● Hash tag function
Hashtag search required for each situation
You can learn conveniently.
● Travel tips
Useful to know while traveling abroad
Also try our travel hacks.
used by foreigners every day
English conversational expressions are provided every day.
basic of basics
living english expression
Would you like to go study together?
------
▣ Guide to App Access Permissions
In compliance with Article 22-2 of the Information and Communications Network Act (agreement on access rights), we provide information on the access rights required to use the app service.
※ Users may allow the following permissions for smooth use of the app.
Each permission is divided into mandatory permissions that must be allowed and optional permissions that can be selectively allowed according to their properties.
[permission to allow selection]
-Location: Use location permission to check your location on the map. However, location information is not saved.
- Save: Save post images, save cache to improve app speed
-Camera: Use the camera function to upload post images and user profile images
- File and Media: Use the file and media access function to attach post files and images
※ You can use the service even if you do not agree to the optional access right.
※ The app's access rights are implemented by dividing them into mandatory and optional rights in response to Android OS 6.0 or higher.
If you are using an OS version less than 6.0, you cannot selectively grant permission as needed, so it is recommended to check if the manufacturer of your terminal provides an operating system upgrade function and update the OS to 6.0 or higher if possible. give. Also, even if the operating system is updated, the access rights agreed to by the existing apps do not change, so to reset the access rights, you must delete and reinstall the already installed apps.",http://www.swing2app.co.kr/app_policy.jsp?app_id=7916be93-36a3-4d7e-a4d4-7b427717ee14,bestis00756@gmail.com,
known_dataset_200,regular_mature_17_plus,06_regular_mature_17_plus.csv,170,com.etimgames.etimbirdrescue,Etim Tapcoin- Social Tapper,Etim Games,https://play.google.com/store/apps/details?id=com.etimgames.etimbirdrescue&hl=en_US&gl=US,Mature 17+,Users Interact,Social,SOCIAL,false,false,Contains ads,100K+,100000.0,2.73K reviews,2730.0,4.3 star,4.3,0.5034930128810988,SOCIAL,social_apps,medium,"Etim Tapcoin- Social Tapper
Share your memories, connect with others, make new friends
Discover new people, create new connections and make new friends
Get rewarded as you interact with other users
Play Tapcoins game and Etimvile",http://www.techlege.com/Privacypolicy.html,info@gametimeng.com,https://haan.trendsdaily.co.za/haan
known_dataset_200,regular_mature_17_plus,06_regular_mature_17_plus.csv,171,apps.authenticator.two.factor.authentication,Authenticator app - 2 factor,Alpha Apps Studio,https://play.google.com/store/apps/details?id=apps.authenticator.two.factor.authentication&hl=en_US&gl=US,Mature 17+,"Sexual Content, Nudity",Tools,TOOLS,false,false,Contains ads; In-app purchases,500K+,500000.0,2.48K reviews,2480.0,2.0 star,2.0,0.5030912879034912,TOOLS,others,medium,"Authenticator app - 2 factor
Introducing the ultimate Authenticator app - 2 factor, designed to provide unparalleled security and convenience for all your online accounts. Our two-factor authentication (2FA) solution ensures that your personal information remains protected with advanced encryption technology. Featuring easy setup, time-based one-time passwords (TOTP), and seamless integration.
This top-rated authenticator app offers bulletproof security with:
Seamless Two-Factor Authentication (2FA) for iron-clad logins
Secure logins with time-based one-time passwords (TOTP)
Multi-factor authentication (MFA) for an extra layer of defence
Easy account management for all your online identities
KEY FEATURES:
Easy Account Setup: Scan QR codes, add accounts manually, or import from your gallery for quick and simple setup.
Time-Based One-Time Passwords (TOTP): Enable constantly changing codes for heightened protection against unauthorized access.
Multi-Factor Authentication (MFA): Add security layers like fingerprint, face recognition, PIN, or pattern lock for robust account security.
Import/Export 2FA Accounts: Transfer accounts between devices or securely backup your authentication data with ease.
Seamless Google Authenticator Import: Easily migrate accounts using QR codes from Google Authenticator to streamline management.
Effortless Setup and Management: Simplified options for adding and managing accounts for seamless integration.
Unlimited Accounts and Codes: Manage all your accounts and authentication codes centrally.
2FA Guide: Step-by-step guide to mastering Two-Factor Authentication for enhanced security awareness.
Supported Accounts: With support for Google, Facebook, Discord, Microsoft Outlook, Instagram, PayPal, Amazon, Dropbox, LinkedIn, GitHub, OneDrive, LastPass, Robinhood, Binance, gaming platforms, PlayStation, Duo mobile and many more, you can secure all of your accounts, including social media, financial platforms and more. Authenticator is a great substitute for Microsoft Authenticator, Duo mobile, Authy or Google Authenticator since it's the great 2FA or OTP Authenticator app available. It support all the popular accounts and serves as outlook authenticator, discord authenticator, facebook authenticator app, binance authenticator, code generator app, ms authenticator and otp authenticator.
Here's how it works:
Download and install the app on your phone.
Enable 2FA for supported online accounts.
The app generates a unique, time-sensitive code every minute.
Enter your username, password, and code from the app to securely log in.
Why Choose Authenticator?
2-Step Verification, also known as 2FA or Multi-Factor Authentication (MFA), improves account security in the same way that standard authenticator apps such as Google Authenticator and Microsoft Authenticator.
Privacy-First Design: We prioritize your privacy with strong encryption and a strict no-data-collection policy.
Offline Accessibility: Access your authentication codes even without an internet connection, ensuring you're never locked out.
Reliable Support: Our dedicated support team is available to assist you promptly. Contact us at alphaappsstudio20@gmail.com for professional help.
Download Authenticator or authentication app today and experience unmatched security and convenience with our comprehensive authentication solution!",https://alphaapps9.wixsite.com/alphaapps,alphaappsstudio20@gmail.com,https://alphaappsstudio.blogspot.com/app-ads.txt
known_dataset_200,regular_mature_17_plus,06_regular_mature_17_plus.csv,172,com.exampl.alldubstepradio,Rap + Hip Hop radio,Dejanewsdos,https://play.google.com/store/apps/details?id=com.exampl.alldubstepradio&hl=en_US&gl=US,Mature 17+,Strong Language,Music & Audio,MUSIC_AND_AUDIO,false,false,Contains ads,100K+,100000.0,1.92K reviews,1920.0,4.5 star,4.5,0.5029318508935449,MUSIC_AND_AUDIO,others,medium,"Rap + Hip Hop radio
The main advantages of our application:
- Large selection of different styles and genres, including dubstep music.
- Search for a playing track on the internet.
- The presence of an equalizer.
- Fast launch and small size of the application.",https://dejanewsdos.github.io/pages/privacy_policy.html,dejanewsdos@gmail.com,https://dejanewsdos.github.io
known_dataset_200,regular_mature_17_plus,06_regular_mature_17_plus.csv,173,com.nkart.black,Black Theme,Wallpapers and Themes,https://play.google.com/store/apps/details?id=com.nkart.black&hl=en_US&gl=US,Mature 17+,Users Interact,Art & Design,ART_AND_DESIGN,false,false,Contains ads,100K+,100000.0,2.94K reviews,2940.0,4.2 star,4.2,0.5024534394823239,ART_AND_DESIGN,others,medium,"Black Theme
Black theme and dark mode wallpaper
Elegant theme app for your favorite best launcher
Update launcher icon pack in cool style with this free Icon changer app
Black theme app includes high quality dark mode wallpapers, theme Android mobile in elegant style now
Themes for Android supports all custom Launcher & to latest Android update
Handpicked black wallpaper for home screen & lock screen
Download themes for Android, Samsung Galaxy, MI, oneplus, oppo phones & it works perfectly on all the latest Android update
Update Android version now with our stylish themes app
Install themes for free & Beautify your Android in Style
▶ Features:-
- Elegant black themes for Android phone
- HD Icon Pack with dark mode wallpaper
- Black theme supports all custom launcher
- Material Design Dashboard
- Apply free themes in a single click
▶ Note:-
It's not a Standalone App It's an Icon Pack app
To Apply this icon pack you need to install any custom launcher like go launcher, nova launcher, etc
▶ How To Apply:-
Steps to apply theme app on Neox launcher
1. Install Neox Launcher from Play Store
2. Open Black Theme - Click on Apply
That's All
Please let us know if You have any issues.
▶ Support Us
Without your support we are nothing. Please Support us by Giving Ratings & Comments.
It will also inspire us to Develop More Free Themes For You.",https://pkulria.wixsite.com/privacy-policy,nkartdev@gmail.com,https://ppi.wallandthemes.com
known_dataset_200,regular_mature_17_plus,06_regular_mature_17_plus.csv,174,com.pawpals.pet.widget.virtual.pets,Pet Widget Virtual Pets Screen,LeoStudio Global Ltd.,https://play.google.com/store/apps/details?id=com.pawpals.pet.widget.virtual.pets&hl=en_US&gl=US,Mature 17+,,Personalization,PERSONALIZATION,false,false,Contains ads; In-app purchases,100K+,100000.0,2.51K reviews,2510.0,4.3 star,4.3,0.5024041745688346,PERSONALIZATION,others,medium,"google_logo Play
Games
Apps
Movies & TV
Books
Kids
search
help_outline
Pet Widget Virtual Pets Screen
LeoStudio Global Ltd.
Contains adsIn-app purchases
4.3
star
2.51K reviews
100K+",https://leostudio.global/policies.html,support@leostudio.global,https://leostudio.global
known_dataset_200,regular_mature_17_plus,06_regular_mature_17_plus.csv,175,com.bluecompass.farewaymobile.android.ui,Fareway Meat & Grocery,"Fareway Stores, Inc.",https://play.google.com/store/apps/details?id=com.bluecompass.farewaymobile.android.ui&hl=en_US&gl=US,Mature 17+,,Shopping,SHOPPING,false,false,,100K+,100000.0,990 reviews,990.0,4.9 star,4.9,0.5023508852800984,SHOPPING,others,medium,"Fareway Meat & Grocery
The new Fareway Meat & Grocery app brings you online grocery shopping with the quality and service you expect from Fareway. Build your cart, browse weekly deals, and place your pickup order with confidence. Every item is chosen by Fareway employees who take pride in selecting the freshest meat and produce.
Key Features
• Online shopping for pickup, filled by Fareway employees who know fresh.
• View your local weekly ad for special promotions and money-saving deals.
• Use improved search and navigation to quickly find what you need.
• Build an organized shopping list and simplify your next trip.
• Faster, easier checkout with more payment options.
• This is a fully rebuilt app, designed for a smoother, and even more dependable experience.
At Fareway, we’re committed to great service and the highest standards in fresh meat and produce. This app is built to bring those values into your online shopping experience.",https://www.fareway.com/privacy-policy/,contactus@farewaystores.com,http://shop.fareway.com/
known_dataset_200,regular_mature_17_plus,06_regular_mature_17_plus.csv,176,com.akshit.akshitsfdc.allhistorylibrary,All History Library,A3K.com,https://play.google.com/store/apps/details?id=com.akshit.akshitsfdc.allhistorylibrary&hl=en_US&gl=US,Mature 17+,,Books & Reference,BOOKS_AND_REFERENCE,false,false,Contains ads,100K+,100000.0,1.53K reviews,1530.0,4.6 star,4.6,0.5019899065487687,BOOKS_AND_REFERENCE,others,medium,"All History Library
This app is a collection of great books of all times. This is infinite book library, we are adding books everyday in our library.
Our motive is to increase knowledge of the person and hence developing his/her mind power and changing thought process in a positive way. We make collection in this way, we do not add any book which diverts human mind in any way but we add books which enhance mental ability of human mind.
We find philosopher hidden in every reader by designing our collection in peculiar way . By following our collection, reader will find a enhanced philosophy.
There has been many great writers in World Literature who have give a great contribution in the history our team works to make collection from their work in a engineered way.
European literature, Islamic literature, Arabic literature, Persian literature, Ottoman literature, Jewish literature, Indian literature, Chinese literature, Japanese literature, and all literature we provide all literature in our library.
You can find any book for free in our library, read any book here. Yes we have good books like : In Search of Lost Time by Marcel Proust, Ulysses by James Joyce, Don Quixote by Miguel de Cervantes, The Great Gatsby by F. Scott Fitzgerald, One Hundred Years of Solitude by Gabriel Garcia Marquez, Moby Dick by Herman Melville, War and Peace by Leo Tolstoy, Lolita by Vladimir Nabokov, Hamlet by William Shakespeare, The Catcher in the Rye by J. D. Salinger, The Odyssey by Homer.
- The Brothers Karamazov by Fyodor Dostoyevsky, Crime and Punishment by Fyodor Dostoyevsky, Madame Bovary by Gustave Flaubert, Leonardo da vinci, william shakespeare, The Divine Comedy by Dante Alighieri, The Adventures of Huckleberry Finn by Mark Twain, Alice's Adventures in Wonderland by Lewis Carroll, Pride and Prejudice by Jane Austen, Wuthering Heights by Emily Brontë, To the Lighthouse by Virginia Woolf, Catch-22 by Joseph Heller, The Sound and the Fury by William Faulkner, Nineteen Eighty Four by George Orwell, Anna Karenina by Leo Tolstoy, The Iliad by Homer, Heart of Darkness by Joseph Conrad, The Grapes of Wrath by John Steinbeck, Invisible Man by Ralph Ellison
- To Kill a Mockingbird by Harper Lee, Middlemarch by George Eliot, Great Expectations by Charles Dickens, Gulliver's Travels by Jonathan Swift, Absalom, Absalom! by William Faulkner, Beloved by Toni Morrison, latest books, latest ebooks, The Stranger by Albert Camus, Jane Eyre by Charlotte Bronte, One Thousand and One Nights by India/Iran/Iraq/Egypt, The Trial by Franz Kafka, The Red and the Black by Stendhal, Mrs. Dalloway by Virginia Woolf, The Stories of Anton Chekhov by Anton Chekhov, The Sun Also Rises by Ernest Hemingway, David Copperfield by Charles Dickens, A Portrait of the Artist as a Young Man by James Joyce, Midnight's Children by Salman Rushdie, Collected Fiction by Jorge Luis Borges, Tristram Shandy by Laurence Sterne, Leaves of Grass by Walt Whitman, The Aeneid by Virgil, Candide by Voltaire and many more books.
If we do not have books in the list we can also add that on user demand. we are continuously growing book library and collection maker starting from 2020.
Books are the best source of knowledge so we encourage every reader to follow our collection to overall development of their personality and thought process. There is great shloka in the Sanskrit literature:
""Knowledge gives humility, from humility, one attains character; From character, one acquires wealth; from wealth good deeds (righteousness) follow and then happiness""
Disclaimer: we only provide books which have their copyright expired or does not have any copyright associated. Also all the books or knowledge we are providing may be available on the internet in public domains we are just arranging them in our way so that it can benefit the readers most.
If you have any query or any issue, please do not hesitate to contact us at support@a3klabs.com",https://www.termsfeed.com/live/94fa4bb6-1a37-4a4a-bd9f-3509c978cf71,support@allpuranashindi.com,https://all-history-library.web.app
known_dataset_200,regular_mature_17_plus,06_regular_mature_17_plus.csv,177,app.aware.aware,Aware,Aware Health GmbH,https://play.google.com/store/apps/details?id=app.aware.aware&hl=en_US&gl=US,Mature 17+,,Health & Fitness,HEALTH_AND_FITNESS,false,false,,10K+,10000.0,,,,,0.2478983571928477,HEALTH_AND_FITNESS,others,low,"Aware
Aware offers comprehensive blood testing at modern labs, delivering results and actionable insights in just 2 days. Join Aware to check your health overtime and gain insights into nutrition, longevity, heart health, and more. You can cancel anytime.
Comprehensive Blood Tests
◦ Check your overall health across 100+ biomarkers
◦ Choose the test packages that fit your needs
◦ Unlock insights into nutrition, longevity, heart health, and more
Book appointments with ease
◦ Seamlessly book an appointment within the app
◦ Visit our state-of-the art labs with expert healthcare professionals
Receive results in 2 days
◦ Access your results anytime, anywhere, directly in-app
◦ Easily assess your health markers and compare them to optimal levels for your age group
Get support when you need it
◦ Book consultations with healthcare professionals directly from the app
◦ Share your results with your GP or loved ones
Optimize lifestyle and nutrition
◦ Improve your well-being with evidence-based insights on diet and habits
◦ Discover actionable steps to move your health markers into optimal ranges
Re-test and measure progress overtime
◦ Re-test regularly to monitor your health journey
◦ Track your progress overtime, all conveniently accessible in one place
◦ Witness the impact of your lifestyle improvements firsthand
You only live once. Live Aware.",https://www.aware.app/privacy-policy,support@aware.app,http://aware.app
known_dataset_200,regular_mature_17_plus,06_regular_mature_17_plus.csv,178,app.hhll.matching,ハハロル | 50歳以上のためのマッチングアプリ,hhll,https://play.google.com/store/apps/details?id=app.hhll.matching&hl=en_US&gl=US,Mature 17+,Users Interact,Social,SOCIAL,false,false,In-app purchases,10K+,10000.0,,,,,0.2478983571928477,SOCIAL,social_apps,low,"ハハロル | 50歳以上のためのマッチングアプリ
Haharol is a dating app that supports new encounters for people in their 50s, 60s, and 70s.
For those looking for a match in their 50s, those wanting to start dating in their 50s, and those comparing matching apps for middle-aged and senior individuals, we support calm encounters and partner searching.
We aim to be a dating app that can be used with peace of mind for those who value dating, marriage hunting, and arranged marriages with people of the same generation.
【Features of Haharol】
■Easy to connect with people of the same generation
This is a dating app that allows you to meet people who share values and life experiences, mainly in their 50s, 60s, and 70s.
As a matching app for people in their 50s, we value ease of conversation and the creation of natural relationships with people of the same generation.
It is designed to be easy to use for people in their 50s looking for encounters, as well as those in their 60s and 70s looking for a partner.
■Designed for middle-aged and senior generations
As a matching app for middle-aged and senior generations, we have taken into consideration ease of viewing and ease of starting.
As a matchmaking app for senior generations, we prioritize a sense of security and serious encounters over flashiness. This service is easy to start with, whether you're looking to begin dating in your middle or senior years, or seriously considering marriage.
■ AI-Supported Profile Creation
After free membership registration, you can create your profile with AI support.
Even those new to dating apps will find it easy to start writing their self-introduction and searching for partners.
It's also suitable for those who have never used a dating app before, or those seeking a more traditional, carefully considered encounter like a matchmaking service.
■ Commitment to Safety and Security
Age verification is conducted using official identification documents.
Through AI and human monitoring, privacy protection, and support systems, we strive to create a safe and secure environment for middle-aged and senior matching apps.
This dating app allows those seriously considering marriage or finding a partner to take the first step without anxiety.
【Recommended for those who:】
・Want to find a partner in their 50s, 60s, or 70s on a dating app
・Are looking for a matching app specifically for people in their 50s
・Want to create an opportunity for new encounters or a fresh start in their 50s
・Are looking for a matching app or a dating app for middle-aged and senior individuals
・Want to start with casual dating and build a natural relationship
・Want to find a partner with a view to the future in a serious dating environment
・Want to calmly and steadily search for a partner
・Value sincere encounters like those in a traditional arranged marriage
【Supports Common Search Methods】
For those searching using terms such as ""dating app,"" ""dating app,"" ""matching app for 50s,"" ""matching app for middle-aged and senior individuals,"" ""senior dating app,"" and ""dating for middle-aged and senior individuals,"" we have simply put together the necessary functions.
It is designed to be easy to use for those who want to find a partner in their 50s, those who want to continue searching for a partner, and those who want to start serious dating.
We prioritize making it easy to continue using, whether you want to start with casual dating or desire a careful and thoughtful encounter.
【What you can do with Haharol】
・Create a profile using AI support
・Match with people who share your values and interests
・Like people you're interested in
・Exchange messages after matching
・Ease of use as a dating app and ease of starting as a matching service
・Sense of security as a dating app for mature adults
・Features useful for dating and finding a partner for middle-aged and senior adults
【What Haharol values】
As a matching app for people in their 50s, Haharol values the conversations and understanding that come with age.
We support not only dating for people in their 50s, but also partner hunting for those in their 60s and 70s, and support the creation of stable relationships as a dating app.
It's designed to be easy to continue using for those who want to choose a matching app for middle-aged and senior adults with a sense of security, those looking for a dating app for mature adults, and those who want to start dating in their middle age.
We aim to create an environment that is easy to use for those seriously considering marriage, those who want to meet people with a similar level of commitment to arranged marriages, and those who are anxious about dating apps.
[Regarding Use]
* By law, users under 18 years of age are not permitted to use this service.
* Only single individuals can register.
* Age verification using official identification documents is required.
* Use for the purpose of compensated dating, prostitution, etc., is prohibited.
● Privacy Policy
https://hhll.app/privacypolicy
● Terms of Service
https://hhll.app/termsofservice
● Licenses and Permits
Registered Internet Dating Service (Registration Number: Nogata 23-106740)
TRUSTe Certified
Non-Profit Organization Marriage Partner Introduction Service Certification Organization (IMS) Internet Type
Marriage Partner Introduction Service Certification (Certification Number: 200009)
If you're in your 50s, 60s, or 70s and looking to start dating, finding love, or arranged marriages, find new encounters with HHLL.",https://hhll.app/privacypolicy,info@hhll.tech,https://hhll.app/
known_dataset_200,regular_mature_17_plus,06_regular_mature_17_plus.csv,179,app.rencontrecelibataire,Single Dating,Zomil,https://play.google.com/store/apps/details?id=app.rencontrecelibataire&hl=en_US&gl=US,Mature 17+,"Users Interact, Shares Location",Dating,DATING,false,false,Contains ads; In-app purchases,10K+,10000.0,,,,,0.2478983571928477,DATING,social_apps,low,"Single Dating
Single Dating is the 100% no-cost application dedicated to everyone who wants to make serious, sincere, or friendly connections. Designed for singles who want to meet people with ease, our app focuses on simple exchanges, no pressure, and no paid subscriptions.
🌟 Why choose Single Dating?
• 100% Accessible: All essential features are available without fees. No hidden payments, no traps.
• Simple & Intuitive: Smooth interface, quick start, clear navigation.
• Meet Nearby: Find singles near you thanks to geolocation (with your consent).
• Private Messaging: Chat freely and securely with profiles you like.
• Advanced Search: Filter according to your criteria (age, region, interests, etc.) to refine your matches.
• Friendly Community: A moderated space to ensure respectful and pleasant exchanges.
💬 Create lasting and long-term bonds Whether you are looking for the love of your life, a great friendship, or simply new encounters, Single Dating helps you make the best connections. Every profile is checked to avoid fake accounts, and our team remains available to report any inappropriate behavior.
🔒 Security & Privacy Your privacy is our priority. You choose the information you want to share. Your personal data is protected and will never be sold to third parties. Discussions are private and secure.
📲 Key Features:
• Quick registration in just a few clicks
• Profile creation with photos and description
• Like and match system
• Unlimited messaging with your matches
• Notifications so you don't miss a thing
• Regular updates to improve the user experience
❤️ A real alternative to paid apps Too many dating apps force you to pay to send a message or like a profile. Single Dating is the commitment to a platform accessible to everyone, without discrimination based on your wallet.
🚀 Ready to meet great people? Download the app now and join a community of singles who, like you, want to create short-term and long-term bonds. Dare to take the step; a beautiful story can start today!",https://rencontrecelibataire.app/page/privacy-policy,contact@rencontrecelibataire.app,https://rencontrecelibataire.app
known_dataset_200,regular_mature_17_plus,06_regular_mature_17_plus.csv,180,app.vinfinity.app51321,Vinfinity,Vinfinity,https://play.google.com/store/apps/details?id=app.vinfinity.app51321&hl=en_US&gl=US,Mature 17+,,Food & Drink,FOOD_AND_DRINK,false,false,,10K+,10000.0,,,,,0.2478983571928477,FOOD_AND_DRINK,others,low,"Vinfinity
You already like wine.
What you've never had is the ease to feel at home with it — at the restaurant table, in the wine shop, at the dinner where everyone else seems to know more than you.
Vinfinity changes that. Not with lectures or flashcards. With Crush — a daily ritual that quietly dissolves wine anxiety and replaces it with something that feels entirely, personally yours.
━━━━━━━━━━━━━━━━━━━━━
CRUSH — YOUR DAILY CONFIDENCE JOURNEY
━━━━━━━━━━━━━━━━━━━━━
The Duolingo for wine. Except the prize isn't knowledge — it's confidence.
Every day, Crush gives you one small thing that makes the world of wine feel more familiar. A region that clicks. A pairing you'd never have considered. A grape you now recognise because you've tasted it, not memorised it.
It doesn't feel like studying. It feels like discovering something about yourself.
✓ Daily discoveries personalised to your taste
✓ Gamified streaks and milestones
✓ Your Taste DNA — built from every sip, every preference, every discovery
✓ Real-world ease — every insight works at the table tonight
━━━━━━━━━━━━━━━━━━━━━
ASK DINO — YOUR SOMMELIER, WITHOUT THE ATTITUDE
━━━━━━━━━━━━━━━━━━━━━
For the moments when you need ease right now.
The wine list you can't read. The dinner you're hosting. The work event where someone's looking at you expectantly. Ask Dino anything — he knows your taste, your occasion, your budget. He answers instantly and without judgement.
He's also honest: his highest purpose is to make himself progressively less necessary. Because the goal was never your dependency. It was your ease.
━━━━━━━━━━━━━━━━━━━━━
THE FULL VINFINITY WORLD
━━━━━━━━━━━━━━━━━━━━━
Every feature exists to bring you closer to ease with wine:
SIPS — Discover your true Taste DNA through tasting notes that are yours, not a database's.
PLACES — Restaurants, wine bars, events, and vineyards where your ease meets the real world.
BUZZ — One daily insight. Over 365 days, that compounds into genuine belonging.
TASTEMAKERS — A curated circle to learn from — until the day you disagree with them. That's the arrival.
SHOP — Buy wines you've never tried. Because ease grows into curiosity.
STAKE — Learn how wine investment works. 99% of wine lovers never knew this world existed.
━━━━━━━━━━━━━━━━━━━━━
WHO VINFINITY IS FOR
━━━━━━━━━━━━━━━━━━━━━
For anyone who's ever pointed at the second-cheapest wine just to be safe.
For anyone who's smiled and said ""lovely"" when they had nothing else to offer.
For anyone who's watched someone order wine with confidence and wondered how they got there.
You get there the same way they did. You just need the right daily companion.
━━━━━━━━━━━━━━━━━━━━━
One day, you'll be the one they ask.
Vinfinity. Be at ease with wine.",https://www.vinfinity.app/privacy-policy,contact@vinfinity.wine,https://www.vinfinity.wine
known_dataset_200,regular_adults_only_18_plus,07_regular_adults_only_18_plus.csv,181,us.current.android,Make Money: Play to Earn Cash,Mode Mobile: Make Money On Earn App,https://play.google.com/store/apps/details?id=us.current.android&hl=en_US&gl=US,Adults only 18+,Real Gambling/Paid Contests,Personalization,PERSONALIZATION,false,false,Contains ads; In-app purchases,50M+,50000000.0,3.57M reviews,3570000.0,4.5 star,4.5,0.7813988117628317,PERSONALIZATION,others,high,"Make Money: Play to Earn Cash
Join millions using the Mode Earn App to earn rewards through everyday activities!
You can earn cash and make money by playing games, reading the news, listening to music, and more!
Redeem your earned rewards in cash or gift cards! The Mode Earn App allows you to play to earn real money and rewards simply for doing everyday mobile activities.
💰 EARN MONEY & free gift cards in minutes.
🎮 EARN MONEY playing games, music, shopping, surveys & even charging.
📱💳 MAKE MONEY from your phone & get paid in gift cards on the Mode Earn App!
💸📱🎮 EARN CASH! The only earn app where you can play and earn REAL MONEY!
Looking for the perfect side hustle? A new way to make money online on your phone to make micro earnings & savings?
The Mode Earn App is the most versatile real cash rewards app on the market. Other rewards apps limit you to just games, or only surveys. The Mode Earn App offers you the most diverse micro earnings & savings opportunities, from games, surveys, news music, offers, and more, allowing you to monetize your time most effectively. You’re even getting paid to listen to a selection of 100,000+ radio stations with the world’s top songs, and play new games from the world’s top game studios!
Just play and earn money to make micro earnings & savings.
🎧💰📱 Make money by listening to free music on the Mode Earn App!
💰💬📋 Earn cash to give us your opinions through surveys on the Mode Earn App!
💰🎮📱 Earn cash rewards by trying free cash games, apps, watching short videos & earn money for surveys!
🎁💰💸 Invite friends to the Mode Earn App and earn cash, gift cards and money!
💰🎵🔒 Make money for having the Mode Earn App free music player on your lock screen!
💰🛍💸 Get paid cash instantly for shopping and save money with the Mode Earn App!
💰🎮🌎 Get paid to just play games, games that pay real money, from the best game studios in the world on the Mode Earn App!
💰🔌 Make money by charging your phone – we make earning cash that simple with one of the most unique money making apps out there!
💰💰💰 Make money bonuses on the Mode Earn App!
The Mode Earn App is here! The first music platform that rewards you with cash! The Mode Earn App includes a music lock screen that provides users with a free music streaming experience with built-in play and earn money opportunities to cash in on their daily habits.
💰 Earn money for just streaming music!
🎵 Cash out quickly! Real money & rewards!
💸 FREE to use! No fees. Just Earning!
🆓 Load up on rewards! & Free listening!
🎮 Play to earn real money from games! Cash in on your time playing games!
🤑 Make money for inviting friends! Fast Cash for Top Radio Music player Mixes!
📥 Download top games & play and earn money!
Once you earn enough points through playing games, listening to music, reading the news, and more, simply select cash or gift card rewards and cash out! It’s that simple. We’ve proudly been paying out real cash rewards to our users daily, for years!
Try Mode Earn App and join millions now to just play and earn money. Make micro earnings & savings through everyday activities.
**This app uses the Accessibility API only with your permission to enhance your shopping experience. When enabled, it detects shop pages you visit in Chrome to automatically find and display relevant coupon codes and offers.
The feature activates only in supported browsers and is used solely to help you save money. No personal data is collected or shared.
https://www.modemobile.com/privacy",https://www.modemobile.com/privacy,support@modemobile.com,https://www.modemobile.com/
known_dataset_200,regular_adults_only_18_plus,07_regular_adults_only_18_plus.csv,182,com.draftkings.dknativermgGP,DraftKings Fantasy Sports,"DraftKings, Inc.",https://play.google.com/store/apps/details?id=com.draftkings.dknativermgGP&hl=en_US&gl=US,Adults only 18+,Real Gambling/Paid Contests,Sports,SPORTS,false,false,Contains ads,5M+,5000000.0,179K reviews,179000.0,4.7 star,4.7,0.6795798410661981,SPORTS,others,high,"DraftKings Fantasy Sports
Play NBA and college basketball DFS for real prizes with the #1 Downloaded Daily Fantasy Sports app†, DraftKings. Join millions of fans who've drafted lineups and competed for over $10 BILLION in prizes across NFL, NBA, MLB, soccer, golf, UFC, college sports, and more. Join for free, draft your lineup and play with friends or faceoff against fans.
🏟️ GET CLOSER TO THE GAME
Play for free or enter a paid contest for the shot at winning even more money. Choose from sports including NHL hockey, NBA basketball, MLB baseball, PGA golf, college sports & more. Create your own leagues and track results. Whether you're a seasoned vet, a sleeper waiting to break out, or an underdog looking to make a name for yourself, there's a contest for you.
👑 WHY PLAY ON DRAFTKINGS:
– NFL Fantasy Football season long contests
– Compete in fantasy leagues with friends
– Live scoring & leaderboards in every contest
– Fantasy Baseball, Basketball, Football
– Exclusive Best Ball tournaments
– Track player stats, contests & winnings
– New and experienced player contests
ALL THE SPORTS. ALL SEASON LONG.
- 🏀 Fantasy Basketball
- 🏈 Fantasy Football
- ⚾ Fantasy Baseball
- 🏒 Fantasy Hockey
- ⛳ Fantasy Golf
- 🎾 Fantasy Tennis
- ⚽ Fantasy Soccer
- 🏁 Fantasy NASCAR
- 👊 Fantasy MMA
- ⚔️ Fantasy League of Legends
- 🎮 Fantasy Esports
Draft a lineup for all the major leagues: NFL, MLB, NBA, NHL, PGA, NASCAR, CFB, NBA, EPL & more!
Playing daily fantasy sports on DraftKings is simple:
1. Pick your sport – NFL, NBA, MLB, college football, & more
2. Draft a DFS lineup under the salary cap
3. Challenge friends or face off against others
4. Follow along live for a shot to win real money!
From NBA Fantasy Basketball to College Basketball DFS, DraftKings offers a full season of action for fantasy veterans, sleeper picks, & underdog players alike. Whether you're prepping for a fantasy golf, hockey or basketball league, or entering daily PGA Tour or NBA contests, DraftKings has your lineup covered.
—-
Contests are not affiliated with or provided by Google. DraftKings is a US company with headquarters in Boston, MA.
Privacy Policy: https://www.draftkings.com/help/privacy/us
This is a real-money fantasy app. Please play responsibly and only play what you can afford. For gambling addiction help and support, call 1-800-GAMBLER / 1-800-522-4700, visit https://www.ncpgambling.org, or call 877-8-HOPENY/text HOPENY (467369) (NY). Help is available for problem gambling. Call (888) 789-7777 or visit ccpg.org(CT). 18+ in most eligible states. Paid Daily Fantasy Sports contests not available while physically located in HI, ID, LA (select parishes) MT, NV, OR and WA. Winning a contest on DraftKings depends on knowledge and exercise of skill. Available to play for free. For entertainment purposes only. Void where prohibited. See terms at http://draftkings.com.
Ticket rewards are equivalent to site credits and are only valid for use on eligible DraftKings contests. Ticket rewards have no cash value, are non-refundable, non-transferable, and non-withdrawable. Ticket rewards expire at the start of the eligible contest for which they were issued. Promotion eligibility, deposit, and play restrictions may apply. To learn more about current promotions and associated terms, see draftkings.com/promos.
† #1 Daily Fantasy Sport App: According to SensorTower data, since January 2012, DraftKings Daily Fantasy Sports App has the highest number of downloads from U.S. app stores among fantasy sports apps.",https://www.draftkings.com/help/privacynotice,support@draftkings.com,http://www.draftkings.com
known_dataset_200,regular_adults_only_18_plus,07_regular_adults_only_18_plus.csv,183,br.com.socialspirit.android,Spirit Fanfiction and Stories,Spirit Tecnologia LTDA,https://play.google.com/store/apps/details?id=br.com.socialspirit.android&hl=en_US&gl=US,Adults only 18+,Diverse Content: Discretion Advised,Books & Reference,BOOKS_AND_REFERENCE,false,false,Contains ads; In-app purchases,5M+,5000000.0,222K reviews,222000.0,4.2 star,4.2,0.6723709539941614,BOOKS_AND_REFERENCE,others,high,"Spirit Fanfiction and Stories
Discover a universe of stories on Spirit Fanfics & Stories!
Explore, read, and fall in love with over 1 million books (fanfics and original stories) FOR FREE!
Our app is designed to provide the best reading and publishing experience, in a lightweight and optimized way. With it, you can:
✔ Read offline
✔ Access thousands of free books
✔ Publish your stories for free
✔ Organize your favorite stories in the Library
✔ Comment, interact, and participate in stories
✔ Customize your reading with different fonts and colors
✔ Follow stories/authors and receive notifications of new chapters
✔ Read in Portuguese, English, and Spanish
📚 Find books and fanfics from various genres, including:
✨ Original works from independent authors.
✨ Fanfics inspired by:
🎮 Animes, Mangas & Games: Naruto, One Piece, Boku no Hero Academia, Fairy Tail, Pokémon, Minecraft, LoL, Arcane, FNAF
🎤 Bands & Musicians: One Direction, BTS, BlackPink, Stray Kids, EXO, NCT, Justin Bieber
🌟 Celebrities: Harry Styles, Demi Lovato, Selena Gomez, Camila Cabello
📺 Movies, Books & Series: Harry Potter, Percy Jackson, Twilight, Stranger Things, Heartstopper, Supernatural, Wednesday
🎥 YouTubers & Influencers: Cellbits, TazerCraft, AuthenticGames, Felps, Roier, Ordem Paranormal, Felca
📺 Dramas: Queen of Tears, True Beauty, Love Next Door, Mo Dao Zu Shi, My Favorite Mafia Boss
🦸‍♂️ Cartoons & Comics: Marvel, DC, Avatar, Ladybug, Gravity Falls, South Park, Adventure Time
📖 Customize your reading experience
Adjust font size, background color, and much more for a unique visual comfort.
✍ Publish your stories
Write and share your fanfics, short stories, novels, poems, and scripts with thousands of readers.
📢 Join our writing challenges:
🔗 https://www.spiritfanfiction.com/perfil/spiritfanfics
🔔 Stay updated with the latest news!
📌 Follow us on social media:
📍 Facebook: https://www.facebook.com/SpiritFanfics.Oficial
📍 Instagram: https://www.instagram.com/spiritfanfics.oficial
📍 Twitter: https://twitter.com/spiritfanfics
📍 YouTube: https://www.youtube.com/c/SpiritfanficsOficial
📍 TikTok: https://www.tiktok.com/@spiritfanfics.oficial
❓ Need help?
✅ Installation issues?
🔗 https://www.spiritfanfiction.com/faq/nao-consigo-instalar-o-aplicativo-para-android
✅ Trouble with offline mode?
🔗 https://www.spiritfanfiction.com/faq/app-spirit-fanfics-e-historias--problemas-para-ler-offline
✅ How to confirm your email?
🔗 https://www.spiritfanfiction.com/faq/como-faco-para-confirmar-meu-e-mail
✅ Want to learn more about Premium?
🔗 https://www.spiritfanfiction.com/premium
🔗 https://www.spiritfanfiction.com/faq/sobre-contas-premium
📩 Still have questions?
Access our Help/FAQ & Support:
🔗 https://www.spiritfanfiction.com/faq
🔗 https://www.spiritfanfiction.com/suporte
💡 If you find an error in the app, click “Report” and describe the issue so we can fix it.",https://www.spiritfanfiction.com/informacoes/politica-de-privacidade,googleplayapp@spiritfanfiction.com,https://www.spiritfanfiction.com
known_dataset_200,regular_adults_only_18_plus,07_regular_adults_only_18_plus.csv,184,network.xyo.coin,COIN: Always Be Earning,"XY Labs, Inc.",https://play.google.com/store/apps/details?id=network.xyo.coin&hl=en_US&gl=US,Adults only 18+,Cash Prizes,Tools,TOOLS,false,false,Contains ads; In-app purchases,5M+,5000000.0,114K reviews,114000.0,4.4 star,4.4,0.66773050720743,TOOLS,others,high,"COIN: Always Be Earning
***Featured in Forbes - #1 in DePIN Passive Income Ideas That Really Work***
***Millions of Downloads and over $10 Million in Rewards Paid Out!***
***Silver Award Winner - Overall Award Contest - Best Mobile App of 2023***
Explore a digital world overlaying the real world with COIN. Gamify everyday activities in your life, like driving, physical exercise, and mental exercise. Find rewards, items, and special opportunities hidden all around you. Interact, communicate, and compete with other players in location-based games. Redeem rewards for a variety of exciting items, like digital assets, gaming systems, tablets, and more.
""I cannot imagine life without COIN. I don't leave the house without scanning my card and turning on the COIN app. Trips would feel so meaningless without the little thrill that comes with mining each tile."" ⁃A.C.
""I made about $125 using Coin App and now it's worth $1000+"" -D.R.
""""It's helped me with income and it gives me something to do!"" -A.P.
""Made my life more exciting and secure"" -M.M.
""It motivates me to walk every day. As soon as I learned about the Coin app, I almost walked and exercised daily. It's good for my health."" -T.I.
Do you drive? If so, why not earn rewards along the way. Every mile can help you earn money or collect valuable digital assets. Stay active and engaged with our innovative platform that rewards you for both moving and thinking. With COIN, earning valuable items, cash, and crypto rewards is fast and fun. Collect NFTs and mine for digital treasures as you explore your environment.
Interact, communicate, and compete with other players in immersive location-based challenges. Use your earnings to redeem rewards like gaming systems, tablets, and more exciting items. Your wallet will grow as you collect more COIN from your various activities.
With COIN, you’re not just collecting points, you’re building wealth. Our platform ensures your data is used to enhance your experience, making each interaction more rewarding. Join a global community of explorers and miners, and transform your everyday activities into a quest for treasure and achievement. Dive into the world of COIN and start your journey towards earning real rewards, fast!
Terms of Use: https://coinapp.co/terms
Privacy Policy: https://coinapp.co/privacy
Ads Privacy Policy: https://appodeal.com/privacy-policy/",https://coinapp.co/privacy,coin.support@coinapp.co,https://coinapp.co
known_dataset_200,regular_adults_only_18_plus,07_regular_adults_only_18_plus.csv,185,app.dazz.live,Dazz X - Live Stream & Chat,STM TECH LIMITED,https://play.google.com/store/apps/details?id=app.dazz.live&hl=en_US&gl=US,Adults only 18+,Diverse Content: Discretion Advised,Entertainment,ENTERTAINMENT,false,false,In-app purchases,10M+,10000000.0,6.53K reviews,6530.0,3.6 star,3.6,0.6348311388442947,ENTERTAINMENT,others,high,"Dazz X - Live Stream & Chat
Dazz X is a leading global live streaming platform that provides users with a social platform to interact, discover, and share exciting live content with broadcasters from around the world.
-------- Highlights of Dazz X ---------
We are committed to providing users with high-quality and diverse live content, ensuring that you can always find content that interests you on our live platform. Through strict review mechanisms, we ensure the quality and authenticity of live content, providing you with a safer and more reliable live streaming experience.
---------Key Features of Dazz X---------
👍 Entertainment Live Streaming
Interact with broadcasters from around the world, discover new exciting live content! The new generation of socializing! Chat, make friends, showcase your beauty, and talent anytime, anywhere. You are the superstar!
👍 Stunning Special Effects
1. ""Surprise your favorite broadcasters with cool special effect gifts to make the live stream more exciting!""
2. ""Participate in interactive activities for a chance to win generous prizes and become the lucky star!""
3. ""The dazzling animation effects of special effect gifts make your gifts the highlight of the live stream!""
4. ""Showcase your social influence on the gift leaderboard and become a star user that everyone admires!""
5. ""Dazz X offers various exquisite gifts to make your interactions more fun and memorable!""
👍 Dynamic Information Feed
1. ""Share your life moments with friends in the dynamic feed and discover more interesting stories and people!""
2. ""Browse popular topics anytime, anywhere, like and comment on the dynamic posts you enjoy, and join lively discussions!""
3. ""Follow users and topics that interest you, build your social circle, and become a star on the social platform!""
4. ""Discover more interesting content and people through dynamic recommendations, expanding your social network!""
5. ""Share happiness, express opinions with thousands of users, and find your social enjoyment in the dynamic feed!""
We welcome your questions and feedback at any time! Please contact us:
Email：service@dazzx.live",https://h5.dazz.live/protocol/service,service@dazzx.live,https://www.dazz-x.com/
known_dataset_200,regular_adults_only_18_plus,07_regular_adults_only_18_plus.csv,186,io.sunwaves.app,Sunwaves,Ice Labs,https://play.google.com/store/apps/details?id=io.sunwaves.app&hl=en_US&gl=US,Adults only 18+,Cash Prizes,Social,SOCIAL,false,false,,1M+,1000000.0,220K reviews,220000.0,4.4 star,4.4,0.6294104818717199,SOCIAL,social_apps,high,"Sunwaves
Discover the Sunwaves app, your gateway to a vibrant global festival community. Earn SW Tokens effortlessly through daily check-ins, extend sessions early, and enjoy the benefits of continuous activity.
Build your team by inviting friends, and earn bonuses for active referrals. Stay active to avoid slashing, and upgrade your level to unlock features and protect your balance.
Enjoy exclusive rewards, engage with the community on social media, and experience the excitement of the Sunwaves ecosystem. Join us and revolutionize your festival experience with SW Tokens.",https://sunwavestoken.com/privacy/,hi@sunwavestoken.com,https://sunwavestoken.com
known_dataset_200,regular_adults_only_18_plus,07_regular_adults_only_18_plus.csv,187,com.ipsos.isay,Ipsos iSay Paid Survey Rewards,AppDev Ipsos,https://play.google.com/store/apps/details?id=com.ipsos.isay&hl=en_US&gl=US,Adults only 18+,Cash Rewards,Lifestyle,LIFESTYLE,false,false,,1M+,1000000.0,136K reviews,136000.0,4.6 star,4.6,0.6271749944126519,LIFESTYLE,others,high,"Ipsos iSay Paid Survey Rewards
Ipsos iSay is the place to get paid for your opinion. Take paid surveys on the go, wherever you are. Choose the ideal survey length and reward amount from available opportunities on your dashboard. Make a difference with your feedback through paid surveys. Whether evaluating new products, sharing consumer preferences, testing marketing concepts, or helping organizations shape their future, your opinion is worth something on the Ipsos iSay App. Join Ipsos iSay now for free and get started earning immediately.
MONEY MAKING SURVEYS
Ipsos iSay is the trusted destination for paid surveys. Answer basic questions and earn excellent rewards for every survey completed. The Ipsos iSay App allows you to get paid for sharing your opinions on the go or at home with your phone. Complete paid surveys to earn points and redeem them for free virtual prepaid money and free gift cards. We'll match you with the most relevant surveys daily so you can always find more. Complete surveys on essential topics, including consumer trends, product innovations, and shopping behaviors. Answer short and easy questions to start earning!
GET CASH PRE-PAID CARDS AND MONEY GIFT CARD
Ipsos iSay is the Rewards App for you, with tons of rewards redeemed by our global community daily! Redeem your Ipsos iSay points for free PayPal cash or free money gift cards at Amazon, Apple, Walmart, Starbucks, and other popular retailers. Cash out your rewards for gift card values starting at just $5, or save up and receive more significant PayPal deposits. Shop with your rewards towards everyday essentials or treats for yourself and loved ones. We focus on delivering actual cash value for your time and insights. Build your points over time by regularly participating in survey questions.
EXCLUSIVE ACCESS
Access exclusive studies through the trusted Ipsos global network. Become an opinion leader and get rewarded for participating in specialized research with Ipsos iSay's premium surveys. Get paid for every completed survey, plus receive invitations to exclusive panels in the app when you consistently provide thoughtful feedback. No more searching for legitimate survey sites, just open the app to find quality surveys waiting for you.
Ipsos iSay members get privileged access to influential studies and substantial rewards just for participating. Get connected to the best companies and services and earn significant points. Receive timely notifications about new survey opportunities, qualify for more studies, and maximize your money-making earnings with free bonus points.
Enable profile enhancements for better survey matching at your favorite topic questions like consumer goods, technology, healthcare, entertainment, financial services, and more. Complete your profile through Ipsos iSay to increase your qualification rate. The qualification rate varies by survey type. Find all the latest survey questions from brands that matter, from evaluating new product concepts to sharing feedback on advertisements to rating your recent shopping experiences, and how you spend your money. Claim your rewards instantly and shop with popular gift cards or PayPal transfers.
ACCESSIBILITY SERVICE - ENABLE NOTIFICATIONS
Unlock maximum earnings potential with timely survey notifications. Your consistent participation ensures steady earnings. Start today and watch your earnings grow as you earn money with every completed survey.
Points earned through participation in Ipsos iSay surveys can be redeemed for free PayPal cash transfers or free money gift cards from popular retailers.
Download Ipsos iSay now for free and get started earning immediately.",https://www.ipsosisay.com/en-gb/privacy-policy,ipsosmobile@ipsos-research.com,https://www.ipsosisay.com
known_dataset_200,regular_adults_only_18_plus,07_regular_adults_only_18_plus.csv,188,com.digitallence.kegelmanapp,Kegel Men: Men's Pelvic Health,DGT YAZILIM,https://play.google.com/store/apps/details?id=com.digitallence.kegelmanapp&hl=en_US&gl=US,Adults only 18+,Diverse Content: Discretion Advised,Health & Fitness,HEALTH_AND_FITNESS,false,false,In-app purchases,1M+,1000000.0,110K reviews,110000.0,4.3 star,4.3,0.6184243007618969,HEALTH_AND_FITNESS,others,high,"Kegel Men: Men's Pelvic Health
Kegel Men: Pelvic Floor Exercise Program
Improve your health, wellbeing and intimate wellness with Kegel Men, the leading app for personalized pelvic floor exercise programs. Spending just 5-10 minutes daily with Kegel Men's guidance can improve your physical health, support intimate wellness, and help address common health issues like urinary incontinence and pelvic floor weakness.
No matter your age, pelvic floor exercises are highly effective for preventing and treating various health conditions, supporting intimate wellness, and improving overall wellbeing. The Kegel Men application creates a personalized exercise plan designed by physiotherapists and doctors, ensuring the appropriate level of difficulty. Enhance your pelvic floor muscle strength with supportive FITNESS EXERCISES and gain better control over your muscles with BREATHING EXERCISES in your personalized plan.
Kegel Men App helps improve men's pelvic health and intimate wellness through the scientifically proven method of Dr. Arnold Kegel. This method strengthens and improves the function of pelvic floor muscles (PT muscles). PT muscles play a key role in urinary and bowel function, intimate health, as well as supporting core stability.
The weakening of PT muscles is a common reason for various health issues. Fortunately, just like other muscles in your body, the PT muscles can be strengthened with regular pelvic floor exercises.
Features:
- Get Your Personal Kegel Plan -
Create a personalized pelvic floor exercise plan tailored to your needs and lifestyle. Take a short quiz in Kegel Men to set your goals, and your plan will be updated daily as you progress.
- Fitness Routines for Every Level -
The inclusion of fitness exercises within your personalized plan is crucial for optimizing your pelvic floor muscle strength. By targeting major muscle groups, these exercises complement kegel exercises and contribute to improved blood circulation—a vital element for overall health. Incorporating fitness exercises into your routine strengthens your PT muscles while enhancing your body's overall strength, endurance, and flexibility.
- Master Your Breath -
The integration of breathing exercises into your routine helps you achieve greater control over your PT muscles. Enhance muscle coordination and engage in a deeper mind-body connection. Reduce anxiety with controlled breathing techniques.
- Doctor-Recommended Exercises -
Healthcare professionals recommend pelvic floor exercises to safeguard your health. Perform a minimum of 2 kegel exercises daily, with optional fitness and breathing exercises.
- Healthy Habit Challenges -
Build healthy habits that positively impact your overall health with challenges like No Smoking, Digital Detox, and Better Sleep for Better Health.
- Wellness Tips -
From relaxation techniques to creating a beneficial routine, this collection of expert advice will improve your overall wellbeing.
- Informative Articles -
Access to everything you need to know about pelvic health, exercise techniques, and wellness with our informative articles.
Unlock your full potential and take charge of your health and intimate wellness with pelvic floor exercises. Download Kegel Men now and embark on a journey toward improved wellbeing, intimate health, and overall wellness.
Disclaimer: All content presented in the application is for informational purposes only. Be sure to consult your doctor.
Privacy Policy: https://api.kegelman.app/privacy-policy
Terms of Use: https://api.kegelman.app/terms-of-use
Support: info@kegelman.app",https://api.kegelman.app/privacy-policy,info@kegelman.com,https://kegelman.app
known_dataset_200,regular_adults_only_18_plus,07_regular_adults_only_18_plus.csv,189,com.artgapiapp,ARTGAPI,Artgapi,https://play.google.com/store/apps/details?id=com.artgapiapp&hl=en_US&gl=US,Adults only 18+,"Strong Sexual Content, Nudity",Social,SOCIAL,false,false,In-app purchases,100K+,100000.0,2.6K reviews,2600.0,4.4 star,4.4,0.504860714838695,SOCIAL,social_apps,medium,"ARTGAPI
Artists, your favourite social network is here!
Save yourself the hassle of maintaining a website or using traditional social networks that aren't tailored to the needs of online artists.
Exhibit, like, and share with a whole community of artists ready to help each other.
Sell easily and securely with ARTGAPI, and benefit from the social network and its advantages.
With our shipping partners, your artwork can be transported with peace of mind to its destination.
Amateurs, professionals, with or without an academic background, all are welcome.",https://www.artgapi.art/politique-de-protection-de-vie-priv%C3%A9e,contact@artgapi.com,https://artgapi.com
known_dataset_200,regular_adults_only_18_plus,07_regular_adults_only_18_plus.csv,190,com.parlayplay.app,ParlayPlay Fantasy Sports Game,ParlayPlay Inc,https://play.google.com/store/apps/details?id=com.parlayplay.app&hl=en_US&gl=US,Adults only 18+,Cash Rewards,Sports,SPORTS,false,false,,100K+,100000.0,2.43K reviews,2430.0,4.4 star,4.4,0.5039844081088307,SPORTS,others,medium,"google_logo Play
Games
Apps
Movies & TV
Books
Kids
search
help_outline
ParlayPlay Fantasy Sports Game
ParlayPlay Inc
4.4
star
2.43K reviews
100K+",https://parlayplay.io/privacy-policy,support@parlayplay.io,https://parlayplay.io
known_dataset_200,regular_adults_only_18_plus,07_regular_adults_only_18_plus.csv,191,com.nhlottery.app.android,NH Lottery,gambyt,https://play.google.com/store/apps/details?id=com.nhlottery.app.android&hl=en_US&gl=US,Adults only 18+,Real Gambling,Entertainment,ENTERTAINMENT,false,false,,100K+,100000.0,1.67K reviews,1670.0,4.6 star,4.6,0.5031243065813655,ENTERTAINMENT,others,medium,"NH Lottery
Welcome to the redesigned, official NH Lottery app -- play the Lottery right from the palm of your hand!
Download the app to:
Play NH iLottery e-Instant games and win real money – even progressive jackpot prizes!
• Buy Powerball, Mega Millions, Tri-State Megabucks, Lucky For Life, and Tri-State Gimme 5 draw game tickets right in the app.
• Sign in to scan your lottery tickets purchased in-stores to check if you’re a winner and see how much you’ve won.
• Watch the KENO 603 draws in the app!
• View winning numbers & current jackpots.
• Get updates on new scratch tickets and promotions.
• Enter eligible tickets into Second Chance Drawings for a chance to win cash prizes, VIP experiences, and other rewards!
Players must be 18+ to purchase lottery tickets. Players must be in New Hampshire to deposit, purchase, or play online. Terms and conditions apply.
Net proceeds from the sale of lottery tickets are earmarked to support public education in New Hampshire, more than $3 billion and counting since 1964.
Please play responsibly. If you or someone you know has a problem with gambling, help is available. For assistance, please contact National Council on Problem Gambling hotline at 1-800-GAMBLER (1-800-426-2537.) Or visit their website: http://ncpgambling.org/.",https://www.nhlottery.com/Privacy-Policy,webmaster@lottery.nh.gov,https://www.nhlottery.com/
known_dataset_200,regular_adults_only_18_plus,07_regular_adults_only_18_plus.csv,192,com.mistcash.go,Weapon Master,osy.m.studios,https://play.google.com/store/apps/details?id=com.mistcash.go&hl=en_US&gl=US,Adults only 18+,Cash Rewards,Lifestyle,LIFESTYLE,false,false,Contains ads,100K+,100000.0,295 reviews,295.0,3.4 star,3.4,0.456685281920162,LIFESTYLE,others,medium,"Weapon Master
Weapon Master combines fun gameplay and fast-paced challenges with a real-life points system and rewards.
🎯 What can you do?
Throw your knife accurately at wooden targets and enjoy exciting levels.
Participate in daily offers and surveys.
Collect points and redeem them for gift cards or real credit.
⭐️ An easy-to-use, fun, and useful app",https://weaponcmaster.store/privacy,filmbuldumkurumsal@gmail.com,https://www.ronnypro.pro/
known_dataset_200,regular_adults_only_18_plus,07_regular_adults_only_18_plus.csv,193,com.movequest.app,MoveQuest,Inochi Concept,https://play.google.com/store/apps/details?id=com.movequest.app&hl=en_US&gl=US,Adults only 18+,Cash Rewards,Health & Fitness,HEALTH_AND_FITNESS,false,false,,5K+,5000.0,394 reviews,394.0,4.8 star,4.8,0.4012397021352585,HEALTH_AND_FITNESS,others,medium,"MoveQuest
MoveQuest – The Move-to-Earn Fitness Revolution
MoveQuest is a Web3 lifestyle and fitness app that motivates and rewards you for living an active life. Whether you're walking, running, working out, burning calories, or getting a good night’s sleep—your daily activity earns you real crypto through our native token, MQT.
MoveQuest turns your everyday movement into mining power and lets you convert real effort into real rewards.
It pays to walk – indoors or outdoors
It pays to work out
It pays to burn calories
It pays to get a good night’s sleep
The more you move, the more you mine, and the more MQT you earn.
Using MoveQuest is simple:
1. Connect your fitness data (Google Fit, or Health Connect)
2. Submit your Proof of Physical Activity (PoPA)
3. Mine MQT using your activity-based NFT miners
4. Claim your rewards instantly through smart contracts
MoveQuest is 100% decentralized. Your rewards are handled entirely on-chain, and your personal data is never stored, sold, or shared.
Gamify your fitness:
* Equip NFT miners with unique mining power
* Level up miners by evolving them
* Boost rewards through in-app mechanics
* Climb the Arenas and earn your place in the Hall of Fame
Everyone gets started with a free Phantom Trailblazer miner. No purchase is required—test the system and start earning from day one.
MoveQuest is more than just one app. It's a Mining-as-a-Service platform for the entire crypto industry. We allow other crypto projects to plug into our ecosystem and let their communities mine their own tokens through MoveQuest’s infrastructure.
Upcoming features include:
* Global and team-based activity challenges
* Limited-edition NFT miners and special events
* Expanded leasing marketplace
* Additional project partnership tokens and cross-chain integrations
MoveQuest combines real health impact with real crypto rewards like no other project.
Move more. Mine more. Live better.
Welcome to MoveQuest.",https://movequest.com/privacy-policy,hello@movequest.com,https://movequest.com
known_dataset_200,regular_adults_only_18_plus,07_regular_adults_only_18_plus.csv,194,org.eurofurence.connavigator,Eurofurence,Eurofurence e.V.,https://play.google.com/store/apps/details?id=org.eurofurence.connavigator&hl=en_US&gl=US,Adults only 18+,Diverse Content: Discretion Advised,Events,EVENTS,false,false,,10K+,10000.0,128 reviews,128.0,4.4 star,4.4,0.3989029282747645,EVENTS,others,medium,"Eurofurence
Welcome to the official Eurofurence app for Android, your digital companion to assist you during your visit of Europe's largest furry convention held in Hamburg for the third time, but even bigger again!
Key features of the app include:
- Official Event Schedule: Stay informed of the latest changes, select your favorite events and receive notifications so you don’t miss anything!
- Announcements: Be among the first to be informed about new events, delays and other important news throughout the convention.
- General Information: Convenient access to helpful and interesting information e.g. on travel, parking, charity, or our Guest of Honor.
- Dealer's Den: Get a glimpse of what’s for sale in the Dealers’ Den, with short profiles and, if
- Artist Alley: Check in if you want to sell something or check out who’s there if you want to shop, provided, pictures of available merchandise.
- Maps: The CCH is big, but with our interactive navigation system EFnav, you will always find your way.
- Personal Messages: Receive personalized messages e.g. from the Photoshoot or the Art Show.
FAQ:
- What is the meaning of those icons next to some of the events?
+ Camera: Photoshoots including the group photo events; don't miss them!
+ Circled Star: This event is only available to Super Sponsors.
+ Star: This event is only available to Sponsors and Super Sponsors.
+ Picture: Art Show events like open hours, closing and pickup.
+ Shopping Bag: Event related to the Dealer's Den.
+ Ticket: Separately ticketed event; make sure to purchase one in time!
- Where can I find my favorite events/dealers?
+ Just switch to the tab showing calendar sheet with a heart on and you'll only see the ones you added to your favorites!",https://help.eurofurence.org/legal/privacy,it@eurofurence.org,https://app.eurofurence.org/
known_dataset_200,regular_adults_only_18_plus,07_regular_adults_only_18_plus.csv,195,com.dawa.mobile,Dawa,BitFlow Technologies,https://play.google.com/store/apps/details?id=com.dawa.mobile&hl=en_US&gl=US,Adults only 18+,Cash Rewards,Social,SOCIAL,false,false,In-app purchases,100K+,100000.0,941 reviews,941.0,2.8 star,2.8,0.4596934699531629,SOCIAL,social_apps,medium,"Dawa
Welcome to our social voice live streaming platform! Here, you can interact with global users in real-time, share your voice and stories, make friends with like-minded people, showcase your talents, or find late night companionship. All of these are your social platforms! Our application is dedicated to creating a zero distance social experience with multiple features, including:
1. One click broadcasting: Create a dedicated voice live room in 3 seconds, supporting beautiful sound filters and scene sound effects;
2. Real time voice live streaming: easily join the live room and interact with friends and fans;
Diversified content: Whether it's music, conversations, games, or story sharing, you can find live streaming content that interests you;
3. Safety ecology: Real time content review+manual inspection, guarding the green communication environment.
Our platform is committed to providing users with a safe, friendly, and creative environment where everyone can freely express themselves. Download the application now, join our community, and embark on your own voice live streaming journey!",https://res.dawalive.com/privacy.html,1602214167@qq.com,
known_dataset_200,regular_adults_only_18_plus,07_regular_adults_only_18_plus.csv,196,bet.thescore.android,theScore Bet: Sports Bettin‪g,Score Media and Gaming Inc.,https://play.google.com/store/apps/details?id=bet.thescore.android&hl=en_US&gl=US,Adults only 18+,Real Gambling/Paid Contests,Sports,SPORTS,false,false,,100K+,100000.0,2.86K reviews,2860.0,4.2 star,4.2,0.5020959013747791,SPORTS,others,medium,"theScore Bet: Sports Bettin‪g
From the creators of Canada’s leading sports media app, theScore, comes the sportsbook and casino app that you’ve been waiting for. theScore Bet is an award-winning sportsbook that is uniquely integrated with theScore, allowing you to seamlessly navigate between the betting app and real-time news, stats and scores.
theScore Bet offers a wide variety of pregame and in-play markets, early cashouts, fast and secure transactions, lightning-fast scores, live odds movements and exciting promotions!
You can also play your favourite casino games with a wide range of offerings, including live dealer, blackjack, roulette, slots and more!
What to expect?
* EASY-TO-USE - Our best-in-class product makes placing a bet, depositing and withdrawing your winnings easy.
* PARLAY LOUNGE – Easily find and place bets on trending markets in our new Parlay Lounge.
* PROFIT BOOSTS - Boost your bets and increase your winnings with Profit Boosts.
* SGP - Mix and match lines to build same game parlays.
* SECURE DEPOSITS & WITHDRAWALS - We offer several methods that make depositing funds and withdrawing winnings fast, easy and secure in a legal and protected environment.
* EXPERIENCE THE POWER OF MEDIA & BETTING TOGETHER - Integrated with theScore’s leading sports media app to deliver you all the latest news and stats when you need them most!
* BET YOUR WAY - A wide array of bet types, including moneylines, spreads, totals, parlays, props, teasers, futures and more!
* A 24/7 CASINO - Play a wide selection of table games and slots at the tip of your finger, including blackjack, roulette and more.
* HUNDREDS OF MARKETS - Bet on pregame and in-play markets for the NBA, NHL, MLB, NFL, NCAA Football, NCAA Basketball, PGA, UFC, ATP, WTA, UCL and more!
* LIVE ODDS - Real-time markets, with odds updated throughout the game.
* BET TRACKING - Ability to track progress of live and settled bets. Download theScore Bet to bet on all your favourite leagues, teams and casino games!
19+. ON Only. If you or someone you know has gambling concerns, call ConnexOntario 24/7 at 1-866-531-2600. ext us at 247247 or chat with us at http://www.connexontario.ca.
__
Need help, have feedback or want to request a new feature? Contact customer support at 1 (855) 550-1238 or support@thescore.bet
Website: www.thescore.bet
Privacy Policy: www.thescore.bet/privacy
Terms of Use: www.thescore.bet/terms
End-User License Agreement: www.thescore.bet/legal/eula
Visit http://www.scoremediaandgaming.com for more information and other apps.",https://thescore.bet/legal/privacy,support@thescore.com,https://www.thescore.bet
known_dataset_200,regular_adults_only_18_plus,07_regular_adults_only_18_plus.csv,197,au.gov.wa.lotterywest.lwpo,Lotterywest,Lotterywest,https://play.google.com/store/apps/details?id=au.gov.wa.lotterywest.lwpo&hl=en_US&gl=US,Adults only 18+,Real Gambling/Paid Contests,Entertainment,ENTERTAINMENT,false,false,,100K+,100000.0,,,,,0.3149131633915028,ENTERTAINMENT,others,low,"Lotterywest
Dreaming of a Lotto win? It could be right at your fingertips with the Lotterywest App!
Our app is free to download and it costs no more to play your favourite games including Lotto, OZ Lotto, Powerball, Set for Life and more. With 24/7 access on the go and the ability to set customised reminders, you’ll never miss a draw again.
Content is not intended for an audience under 18 years of age.
Through our app you’ll get the security of purchases being saved to your account (no more wondering whether you accidentally washed your Lotto ticket) and after the draw has passed you can login to see winning numbers highlighted on your entries. Plus any prizes will be paid straight into your e-wallet. It’s that easy!
From our health, sports and arts and community groups, to the happy players visiting our Winners Room, when you play with Lotterywest – WA wins!
Apart from the prizes that we distribute to our players, we also return money spent on Lotterywest games to the Western Australian community.
Lotterywest encourages you to play responsibly at all times. Our primary purpose is to support the WA community from the funds we raise through our lottery.
We care about our players and the broader community. No one benefits when players experience problems with gambling - that’s why we have a commitment to prevent it.
We’ve achieved accreditation under the World Lottery Association’s Responsible Gambling Standards and continue to provide players with information encouraging responsible play.
In partnership with our stores, we aim to offer the highest standards of service and information to play responsibly.
You can contact the Problem Gambling Helpline on free call number 1800 858 858 for immediate problem gambling information and counselling. All calls are strictly confidential and counsellors can provide referrals to problem gambling support services and welfare organisations.
You can access information, self-help tools and immediate, live support online with an expert 24 hours a day, 7 days a week by logging on to https://www.gamblinghelponline.org.au.",https://www.lotterywest.wa.gov.au/lotterywest-privacy-policy,hello@lotterywest.wa.gov.au,https://www.lotterywest.wa.gov.au
known_dataset_200,regular_adults_only_18_plus,07_regular_adults_only_18_plus.csv,198,com.chariloto.cla,チャリロト,株式会社チャリ・ロト,https://play.google.com/store/apps/details?id=com.chariloto.cla&hl=en_US&gl=US,Adults only 18+,Cash Rewards,Sports,SPORTS,false,false,,100K+,100000.0,,,,,0.3149131633915028,SPORTS,others,low,"チャリロト
[What is Chariloto?]
This app allows you to purchase standard and multiple-win tickets for Keirin and Auto Races nationwide. There are no registration or annual fees. It is operated by Chariloto, Inc., a member of the MIXI Group.
[Chariloto's Four Features]
1. Save with Cashback and Check-Ins
Earn 1% cashback based on your ticket purchase amount.
Earn points just by visiting the Keirin track with the check-in function.
2. A Wide Range of Payment Methods and Point Redemption
Accepts a variety of payment methods, including smartphone, credit card, online banking, and convenience store payments.
Earn bonus points with auPAY and dPayment!
3. Comprehensive Prediction Information
Prediction sheets are posted for all Keirin races.
In addition, you can easily bet using ""AI Keirin"" (the highest monthly return rate ever, 130%), developed in collaboration with Hokkaido University.
For major races, PDFs of professional prediction sheets are also made available for free.
4. Easy-to-Use UI
Easily bet on formations, odds, and AI betting.
[About Membership Registration]
■New members receive up to ¥1,000 in points! (※1)
■Rakuten Bank and PayPay Bank account holders can also use Chariloto right away!
(※1) Only eligible Charica members. Amounts are subject to change without notice.
[What you can do with the Chariloto app]
■ Keirin (standard betting)
・Purchase Keirin betting tickets
・View Keirin prediction information
・View AI Keirin prediction information
・View Keirin results information
・View Keirin popularity and high-payout betting information
・View Keirin race schedule
・View Keirin race entry sheets
・View Keirin odds information
・View race results (past year)
・View Keirin digest videos
・View recommended Keirin YouTube channels
・Search for Keirin riders and tracks
・View Chariloto Plaza information
■ Auto racing (standard betting)
・Purchase Auto racing betting tickets
・View Auto racing prediction information
・View Auto racing results information
・View Auto racing popularity and high-payout betting information
・View Auto racing schedule
・View Auto racing entry sheets
・View Auto racing odds information
・View Auto racing digest videos
・View Auto racing trial run videos
・Recommended Auto racing Y View YouTube Channels
・Search for Auto Race Track Information
・View Chariloto Plaza Information
■Keirin (Multiple Win Betting)
・Purchase Chariloto Betting
・Purchase Chariloto S Betting
・Purchase Chariloto 5 Betting
・Purchase Chariloto 3 Betting
・Purchase Dokanto! 7 Betting
・Purchase Dokanto! 4two Betting
■Common Features
・Charging Function
・View Member News
・View Chariloto News
・View Campaign Information
・View Keirin and Auto Race Articles
・View Betting History
・Pre-race Notifications
[Chariloto Official Website]
https://www.chariloto.com/
[Chariloto Official X]
https://x.com/chariloto_PR
[Contact Us]
https://chariloto.tayori.com/q/chariloto-faq
[Recommended Environment]
iOS: 16 and up
[Privacy Policy]
https://chariloto.jp/privacypolicy/
[Membership Terms and Conditions]
https://www.chariloto.com/statics/terms
[Important Notice]
Those under the age of 20 are not permitted to purchase bets.
Please also enjoy Keirin and Auto Races in moderation.
https://www.chariloto.com/articles/27
[For those concerned about becoming addicted to betting on bets]
https://www.chariloto.com/articles/27#sodan
[For those who have received refunds from publicly managed betting events (Click to go to the National Tax Agency page)]
https://www.nta.go.jp/publication/pamph/shotoku/kakuteishinkokukankei/koueikyougi/",https://chariloto.jp/privacypolicy/,support@biz.chariloto.com,https://www.chariloto.com
known_dataset_200,regular_adults_only_18_plus,07_regular_adults_only_18_plus.csv,199,ar.draw.picture.ardrawingsketchpaint,Janu Chiku - Online video chat,Krishivan,https://play.google.com/store/apps/details?id=ar.draw.picture.ardrawingsketchpaint&hl=en_US&gl=US,Adults only 18+,Users Interact,Social,SOCIAL,false,false,Contains ads; In-app purchases,10K+,10000.0,,,,,0.2478983571928477,SOCIAL,social_apps,low,"Janu Chiku - Online video chat
🌟 Janu Chiku – Online Video Chat & Meet New Friends
Connect instantly with people from all over the world through live video chat and fun conversations. With Janu Chiku, meeting new friends online is easy, exciting, and safe.
🚀 Key Features:
Live Video Chat – Talk face-to-face anytime, anywhere
Random Video Call – Meet someone new in seconds
Make New Friends – Discover people from different cultures
Fun & Interactive – Send emojis, stickers, and gifts during chats
Safe & Private – Your conversations are secure and protected
Whether you’re looking to make new friends, share moments, or explore cultures, Janu Chiku connects you to a friendly global community.
Why choose Janu Chiku?
Instant matching for faster connections
HD video calling for clear and smooth chats
Easy-to-use interface for all ages
Built-in privacy controls for safe communication
📲 Download Janu Chiku now and start your journey to meet amazing people through online video chat.",https://privacypolicypagewallpeper.blogspot.com/2024/05/ar-drawing-sketch-paint.html,krishnatailor21@gmail.com,https://privacypolicypagewallpeper.blogspot.com/
known_dataset_200,regular_adults_only_18_plus,07_regular_adults_only_18_plus.csv,200,ca.lacerta.eureka,Festival Eurêka!,Solutions Lacerta Inc.,https://play.google.com/store/apps/details?id=ca.lacerta.eureka&hl=en_US&gl=US,Adults only 18+,Cash Rewards,Business,BUSINESS,false,false,,1K+,1000.0,,,,,0.1809071120322772,BUSINESS,others,low,"Festival Eurêka!
In 2026, the Eurêka! Festival celebrates the power of science: the energy that propels athletes… and scientists alike!
The same determination drives both runners and researchers. The same resilience after setbacks. The same drive to try, to test, to try again.
It is from this intersection of sport and science that great advancements are born: biomechanics that refine movements, innovative materials that revolutionize equipment, nutrition that optimizes performance, and neuroscience that strengthens mental fortitude.
Get ready to take on challenges, experiment, exchange ideas with experts and athletes, and discover how science gives sport its momentum… and pushes us to go further.",https://fitsefel.info/lacerta/eureka/privacypolicy.html,contact@liledusavoir.ca,https://festivaleureka.ca/
